individual,condition_h,species,time,photo,measurement,value
Histo_2_March23,HH,OFRA,endemic,1,gastro,1
Histo_2_March23,HH,OFRA,endemic,,prop_exo,0.285714286
Histo_2_March23,HH,OFRA,endemic,,degr_symb,1
Histo_2_March23,HH,OFRA,endemic,2,gastro,1
Histo_2_March23,HH,OFRA,endemic,,prop_exo,0.24137931
Histo_2_March23,HH,OFRA,endemic,,degr_symb,1
Histo_2_March23,HH,OFRA,endemic,3,gastro,1
Histo_2_March23,HH,OFRA,endemic,,prop_exo,0
Histo_2_March23,HH,OFRA,endemic,,degr_symb,1
Histo_2_March23,HH,OFRA,endemic,4,gastro,1
Histo_2_March23,HH,OFRA,endemic,,prop_exo,0.333333333
Histo_2_March23,HH,OFRA,endemic,,degr_symb,1
Histo_2_March23,HH,OFRA,endemic,5,gastro,1
Histo_2_March23,HH,OFRA,endemic,,prop_exo,0.321428571
Histo_2_March23,HH,OFRA,endemic,,degr_symb,1
Histo_2_March23,HH,OFRA,endemic,,symb_vac,0.519533155
Histo_2_March23,HH,OFRA,endemic,,symb_vac,0.598700212
Histo_2_March23,HH,OFRA,endemic,,symb_vac,0.468660028
Histo_2_March23,HH,OFRA,endemic,,symb_vac,0.35203685
Histo_2_March23,HH,OFRA,endemic,,symb_vac,0.441255205
Histo_2_March23,HH,OFRA,endemic,,symb_vac,0.438733511
Histo_2_March23,HH,OFRA,endemic,,symb_vac,0.487016765
Histo_2_March23,HH,OFRA,endemic,,symb_vac,0.636126858
Histo_2_March23,HH,OFRA,endemic,,symb_vac,0.448873543
Histo_2_March23,HH,OFRA,endemic,,symb_vac,0.536981465
Histo_2_March23,HH,OFRA,endemic,,symb_vac,0.701507628
Histo_2_March23,HH,OFRA,endemic,,symb_vac,0.551856087
Histo_2_March23,HH,OFRA,endemic,,symb_vac,0.579180991
Histo_2_March23,HH,OFRA,endemic,,symb_vac,0.570133299
Histo_2_March23,HH,OFRA,endemic,,symb_vac,0.573703895
Histo_2_March23,HH,OFRA,endemic,,min_symb,17.743
Histo_2_March23,HH,OFRA,endemic,,max_vac,69.47
Histo_2_March23,HH,OFRA,endemic,,avg_symb,27.3996
Histo_2_March23,HH,OFRA,endemic,,avg_vac,52.52586667
Histo_3_March23,DD,OFRA,endemic,1,gastro,1
Histo_3_March23,DD,OFRA,endemic,,prop_exo,0.277777778
Histo_3_March23,DD,OFRA,endemic,,degr_symb,1
Histo_3_March23,DD,OFRA,endemic,2,gastro,1
Histo_3_March23,DD,OFRA,endemic,,prop_exo,0.333333333
Histo_3_March23,DD,OFRA,endemic,,degr_symb,1
Histo_3_March23,DD,OFRA,endemic,3,gastro,1
Histo_3_March23,DD,OFRA,endemic,,prop_exo,0.156862745
Histo_3_March23,DD,OFRA,endemic,,degr_symb,1
Histo_3_March23,DD,OFRA,endemic,4,gastro,1
Histo_3_March23,DD,OFRA,endemic,,prop_exo,0
Histo_3_March23,DD,OFRA,endemic,,degr_symb,1
Histo_3_March23,DD,OFRA,endemic,5,gastro,1
Histo_3_March23,DD,OFRA,endemic,,prop_exo,0.166666667
Histo_3_March23,DD,OFRA,endemic,,degr_symb,1
Histo_3_March23,DD,OFRA,endemic,,symb_vac,0.559629801
Histo_3_March23,DD,OFRA,endemic,,symb_vac,0.544481014
Histo_3_March23,DD,OFRA,endemic,,symb_vac,0.492857143
Histo_3_March23,DD,OFRA,endemic,,symb_vac,0.608843465
Histo_3_March23,DD,OFRA,endemic,,symb_vac,0.606260838
Histo_3_March23,DD,OFRA,endemic,,symb_vac,0.629334067
Histo_3_March23,DD,OFRA,endemic,,symb_vac,0.580519094
Histo_3_March23,DD,OFRA,endemic,,symb_vac,0.531494095
Histo_3_March23,DD,OFRA,endemic,,symb_vac,0.560169276
Histo_3_March23,DD,OFRA,endemic,,symb_vac,0.574450747
Histo_3_March23,DD,OFRA,endemic,,symb_vac,0.519783342
Histo_3_March23,DD,OFRA,endemic,,symb_vac,0.58243624
Histo_3_March23,DD,OFRA,endemic,,symb_vac,0.521157427
Histo_3_March23,DD,OFRA,endemic,,symb_vac,0.52273371
Histo_3_March23,DD,OFRA,endemic,,symb_vac,0.604814969
Histo_3_March23,DD,OFRA,endemic,,min_symb,22.356
Histo_3_March23,DD,OFRA,endemic,,max_vac,71.449
Histo_3_March23,DD,OFRA,endemic,,avg_symb,31.5468
Histo_3_March23,DD,OFRA,endemic,,avg_vac,56.16826667
Histo_4_March23,HD,OFRA,endemic,1,gastro,1
Histo_4_March23,HD,OFRA,endemic,,prop_exo,0
Histo_4_March23,HD,OFRA,endemic,,degr_symb,1
Histo_4_March23,HD,OFRA,endemic,2,gastro,1
Histo_4_March23,HD,OFRA,endemic,,prop_exo,0.269230769
Histo_4_March23,HD,OFRA,endemic,,degr_symb,1
Histo_4_March23,HD,OFRA,endemic,3,gastro,1
Histo_4_March23,HD,OFRA,endemic,,prop_exo,0.333333333
Histo_4_March23,HD,OFRA,endemic,,degr_symb,1
Histo_4_March23,HD,OFRA,endemic,4,gastro,1
Histo_4_March23,HD,OFRA,endemic,,prop_exo,0.310344828
Histo_4_March23,HD,OFRA,endemic,,degr_symb,1
Histo_4_March23,HD,OFRA,endemic,5,gastro,1
Histo_4_March23,HD,OFRA,endemic,,prop_exo,0.222222222
Histo_4_March23,HD,OFRA,endemic,,degr_symb,1
Histo_4_March23,HD,OFRA,endemic,,symb_vac,0.472611725
Histo_4_March23,HD,OFRA,endemic,,symb_vac,0.611233404
Histo_4_March23,HD,OFRA,endemic,,symb_vac,0.615991087
Histo_4_March23,HD,OFRA,endemic,,symb_vac,0.616079948
Histo_4_March23,HD,OFRA,endemic,,symb_vac,0.456265186
Histo_4_March23,HD,OFRA,endemic,,symb_vac,0.545873885
Histo_4_March23,HD,OFRA,endemic,,symb_vac,0.612889477
Histo_4_March23,HD,OFRA,endemic,,symb_vac,0.71000866
Histo_4_March23,HD,OFRA,endemic,,symb_vac,0.50098735
Histo_4_March23,HD,OFRA,endemic,,symb_vac,0.670414271
Histo_4_March23,HD,OFRA,endemic,,symb_vac,0.540391281
Histo_4_March23,HD,OFRA,endemic,,symb_vac,0.501478359
Histo_4_March23,HD,OFRA,endemic,,symb_vac,0.462885255
Histo_4_March23,HD,OFRA,endemic,,symb_vac,0.493034196
Histo_4_March23,HD,OFRA,endemic,,symb_vac,0.576235166
Histo_4_March23,HD,OFRA,endemic,,min_symb,15.943
Histo_4_March23,HD,OFRA,endemic,,max_vac,53.171
Histo_4_March23,HD,OFRA,endemic,,avg_symb,23.849
Histo_4_March23,HD,OFRA,endemic,,avg_vac,42.3512
Histo_5_March23,HD,OFRA,endemic,1,gastro,1
Histo_5_March23,HD,OFRA,endemic,,prop_exo,0.263157895
Histo_5_March23,HD,OFRA,endemic,,degr_symb,1
Histo_5_March23,HD,OFRA,endemic,2,gastro,1
Histo_5_March23,HD,OFRA,endemic,,prop_exo,0.285714286
Histo_5_March23,HD,OFRA,endemic,,degr_symb,1
Histo_5_March23,HD,OFRA,endemic,3,gastro,0
Histo_5_March23,HD,OFRA,endemic,,prop_exo,0.074074074
Histo_5_March23,HD,OFRA,endemic,,degr_symb,1
Histo_5_March23,HD,OFRA,endemic,4,gastro,0
Histo_5_March23,HD,OFRA,endemic,,prop_exo,0.076923077
Histo_5_March23,HD,OFRA,endemic,,degr_symb,1
Histo_5_March23,HD,OFRA,endemic,5,gastro,0
Histo_5_March23,HD,OFRA,endemic,,prop_exo,0.096774194
Histo_5_March23,HD,OFRA,endemic,,degr_symb,1
Histo_5_March23,HD,OFRA,endemic,,symb_vac,0.478081887
Histo_5_March23,HD,OFRA,endemic,,symb_vac,0.516653402
Histo_5_March23,HD,OFRA,endemic,,symb_vac,0.613663551
Histo_5_March23,HD,OFRA,endemic,,symb_vac,0.564372622
Histo_5_March23,HD,OFRA,endemic,,symb_vac,0.596884376
Histo_5_March23,HD,OFRA,endemic,,symb_vac,0.475590686
Histo_5_March23,HD,OFRA,endemic,,symb_vac,0.626536064
Histo_5_March23,HD,OFRA,endemic,,symb_vac,0.57372953
Histo_5_March23,HD,OFRA,endemic,,symb_vac,0.686676579
Histo_5_March23,HD,OFRA,endemic,,symb_vac,0.513405972
Histo_5_March23,HD,OFRA,endemic,,symb_vac,0.471077004
Histo_5_March23,HD,OFRA,endemic,,symb_vac,0.43972918
Histo_5_March23,HD,OFRA,endemic,,symb_vac,0.60725915
Histo_5_March23,HD,OFRA,endemic,,symb_vac,0.54570642
Histo_5_March23,HD,OFRA,endemic,,symb_vac,0.542486231
Histo_5_March23,HD,OFRA,endemic,,min_symb,25.863
Histo_5_March23,HD,OFRA,endemic,,max_vac,74.628
Histo_5_March23,HD,OFRA,endemic,,avg_symb,31.75253333
Histo_5_March23,HD,OFRA,endemic,,avg_vac,57.96053333
Histo_6_March23,DD,OFRA,endemic,1,gastro,0
Histo_6_March23,DD,OFRA,endemic,,prop_exo,0.454545455
Histo_6_March23,DD,OFRA,endemic,,degr_symb,1
Histo_6_March23,DD,OFRA,endemic,2,gastro,1
Histo_6_March23,DD,OFRA,endemic,,prop_exo,0.173913043
Histo_6_March23,DD,OFRA,endemic,,degr_symb,1
Histo_6_March23,DD,OFRA,endemic,3,gastro,1
Histo_6_March23,DD,OFRA,endemic,,prop_exo,0.2
Histo_6_March23,DD,OFRA,endemic,,degr_symb,1
Histo_6_March23,DD,OFRA,endemic,4,gastro,1
Histo_6_March23,DD,OFRA,endemic,,prop_exo,0.315789474
Histo_6_March23,DD,OFRA,endemic,,degr_symb,1
Histo_6_March23,DD,OFRA,endemic,5,gastro,0
Histo_6_March23,DD,OFRA,endemic,,prop_exo,0.076923077
Histo_6_March23,DD,OFRA,endemic,,degr_symb,1
Histo_6_March23,DD,OFRA,endemic,,symb_vac,0.546358385
Histo_6_March23,DD,OFRA,endemic,,symb_vac,0.489809717
Histo_6_March23,DD,OFRA,endemic,,symb_vac,0.670338856
Histo_6_March23,DD,OFRA,endemic,,symb_vac,0.532929083
Histo_6_March23,DD,OFRA,endemic,,symb_vac,0.638978834
Histo_6_March23,DD,OFRA,endemic,,symb_vac,0.509568572
Histo_6_March23,DD,OFRA,endemic,,symb_vac,0.56097635
Histo_6_March23,DD,OFRA,endemic,,symb_vac,0.411507892
Histo_6_March23,DD,OFRA,endemic,,symb_vac,0.608917649
Histo_6_March23,DD,OFRA,endemic,,symb_vac,0.539243489
Histo_6_March23,DD,OFRA,endemic,,symb_vac,0.575691889
Histo_6_March23,DD,OFRA,endemic,,symb_vac,0.612020456
Histo_6_March23,DD,OFRA,endemic,,symb_vac,0.481337219
Histo_6_March23,DD,OFRA,endemic,,symb_vac,0.463897764
Histo_6_March23,DD,OFRA,endemic,,symb_vac,0.622468691
Histo_6_March23,DD,OFRA,endemic,,min_symb,18.38
Histo_6_March23,DD,OFRA,endemic,,max_vac,85.346
Histo_6_March23,DD,OFRA,endemic,,avg_symb,34.08686667
Histo_6_March23,DD,OFRA,endemic,,avg_vac,61.6392
Histo_7_March23,DD,OFRA,endemic,1,gastro,0
Histo_7_March23,DD,OFRA,endemic,,prop_exo,0
Histo_7_March23,DD,OFRA,endemic,,degr_symb,0
Histo_7_March23,DD,OFRA,endemic,2,gastro,1
Histo_7_March23,DD,OFRA,endemic,,prop_exo,0.047619048
Histo_7_March23,DD,OFRA,endemic,,degr_symb,1
Histo_7_March23,DD,OFRA,endemic,3,gastro,1
Histo_7_March23,DD,OFRA,endemic,,prop_exo,0.25
Histo_7_March23,DD,OFRA,endemic,,degr_symb,1
Histo_7_March23,DD,OFRA,endemic,4,gastro,1
Histo_7_March23,DD,OFRA,endemic,,prop_exo,0.178571429
Histo_7_March23,DD,OFRA,endemic,,degr_symb,1
Histo_7_March23,DD,OFRA,endemic,5,gastro,0
Histo_7_March23,DD,OFRA,endemic,,prop_exo,0.086956522
Histo_7_March23,DD,OFRA,endemic,,degr_symb,1
Histo_7_March23,DD,OFRA,endemic,,symb_vac,0.420558912
Histo_7_March23,DD,OFRA,endemic,,symb_vac,0.58009236
Histo_7_March23,DD,OFRA,endemic,,symb_vac,0.422616678
Histo_7_March23,DD,OFRA,endemic,,symb_vac,0.594581421
Histo_7_March23,DD,OFRA,endemic,,symb_vac,0.535317029
Histo_7_March23,DD,OFRA,endemic,,symb_vac,0.546930929
Histo_7_March23,DD,OFRA,endemic,,symb_vac,0.541668449
Histo_7_March23,DD,OFRA,endemic,,symb_vac,0.560052976
Histo_7_March23,DD,OFRA,endemic,,symb_vac,0.616155215
Histo_7_March23,DD,OFRA,endemic,,symb_vac,0.610452606
Histo_7_March23,DD,OFRA,endemic,,symb_vac,0.555931959
Histo_7_March23,DD,OFRA,endemic,,symb_vac,0.528198701
Histo_7_March23,DD,OFRA,endemic,,symb_vac,0.478744964
Histo_7_March23,DD,OFRA,endemic,,symb_vac,0.43421312
Histo_7_March23,DD,OFRA,endemic,,symb_vac,0.436543475
Histo_7_March23,DD,OFRA,endemic,,min_symb,17.126
Histo_7_March23,DD,OFRA,endemic,,max_vac,70.216
Histo_7_March23,DD,OFRA,endemic,,avg_symb,25.68533333
Histo_7_March23,DD,OFRA,endemic,,avg_vac,48.78226667
Histo_8_March23,HD,OFRA,endemic,1,gastro,0
Histo_8_March23,HD,OFRA,endemic,,prop_exo,0.333333333
Histo_8_March23,HD,OFRA,endemic,,degr_symb,1
Histo_8_March23,HD,OFRA,endemic,2,gastro,1
Histo_8_March23,HD,OFRA,endemic,,prop_exo,0.16
Histo_8_March23,HD,OFRA,endemic,,degr_symb,1
Histo_8_March23,HD,OFRA,endemic,3,gastro,1
Histo_8_March23,HD,OFRA,endemic,,prop_exo,0.295454545
Histo_8_March23,HD,OFRA,endemic,,degr_symb,1
Histo_8_March23,HD,OFRA,endemic,4,gastro,1
Histo_8_March23,HD,OFRA,endemic,,prop_exo,0.222222222
Histo_8_March23,HD,OFRA,endemic,,degr_symb,1
Histo_8_March23,HD,OFRA,endemic,5,gastro,1
Histo_8_March23,HD,OFRA,endemic,,prop_exo,0.129032258
Histo_8_March23,HD,OFRA,endemic,,degr_symb,1
Histo_8_March23,HD,OFRA,endemic,,symb_vac,0.488161851
Histo_8_March23,HD,OFRA,endemic,,symb_vac,0.433063238
Histo_8_March23,HD,OFRA,endemic,,symb_vac,0.588895902
Histo_8_March23,HD,OFRA,endemic,,symb_vac,0.53940283
Histo_8_March23,HD,OFRA,endemic,,symb_vac,0.536810983
Histo_8_March23,HD,OFRA,endemic,,symb_vac,0.514567815
Histo_8_March23,HD,OFRA,endemic,,symb_vac,0.452210625
Histo_8_March23,HD,OFRA,endemic,,symb_vac,0.509713539
Histo_8_March23,HD,OFRA,endemic,,symb_vac,0.54437807
Histo_8_March23,HD,OFRA,endemic,,symb_vac,0.477010777
Histo_8_March23,HD,OFRA,endemic,,symb_vac,0.548637342
Histo_8_March23,HD,OFRA,endemic,,symb_vac,0.599016174
Histo_8_March23,HD,OFRA,endemic,,symb_vac,0.553631263
Histo_8_March23,HD,OFRA,endemic,,symb_vac,0.557046341
Histo_8_March23,HD,OFRA,endemic,,symb_vac,0.588324349
Histo_8_March23,HD,OFRA,endemic,,min_symb,15.424
Histo_8_March23,HD,OFRA,endemic,,max_vac,57.836
Histo_8_March23,HD,OFRA,endemic,,avg_symb,24.76726667
Histo_8_March23,HD,OFRA,endemic,,avg_vac,46.8254
Histo_9_March23,HD,OFRA,endemic,1,gastro,1
Histo_9_March23,HD,OFRA,endemic,,prop_exo,0.25
Histo_9_March23,HD,OFRA,endemic,,degr_symb,1
Histo_9_March23,HD,OFRA,endemic,2,gastro,1
Histo_9_March23,HD,OFRA,endemic,,prop_exo,0.153846154
Histo_9_March23,HD,OFRA,endemic,,degr_symb,1
Histo_9_March23,HD,OFRA,endemic,3,gastro,1
Histo_9_March23,HD,OFRA,endemic,,prop_exo,0.2
Histo_9_March23,HD,OFRA,endemic,,degr_symb,1
Histo_9_March23,HD,OFRA,endemic,4,gastro,1
Histo_9_March23,HD,OFRA,endemic,,prop_exo,0.222222222
Histo_9_March23,HD,OFRA,endemic,,degr_symb,1
Histo_9_March23,HD,OFRA,endemic,5,gastro,1
Histo_9_March23,HD,OFRA,endemic,,prop_exo,0.166666667
Histo_9_March23,HD,OFRA,endemic,,degr_symb,1
Histo_9_March23,HD,OFRA,endemic,,symb_vac,0.41823637
Histo_9_March23,HD,OFRA,endemic,,symb_vac,0.417232451
Histo_9_March23,HD,OFRA,endemic,,symb_vac,0.452247295
Histo_9_March23,HD,OFRA,endemic,,symb_vac,0.520019265
Histo_9_March23,HD,OFRA,endemic,,symb_vac,0.539155501
Histo_9_March23,HD,OFRA,endemic,,symb_vac,0.494432299
Histo_9_March23,HD,OFRA,endemic,,symb_vac,0.508770954
Histo_9_March23,HD,OFRA,endemic,,symb_vac,0.544801682
Histo_9_March23,HD,OFRA,endemic,,symb_vac,0.590084899
Histo_9_March23,HD,OFRA,endemic,,symb_vac,0.52574661
Histo_9_March23,HD,OFRA,endemic,,symb_vac,0.488933414
Histo_9_March23,HD,OFRA,endemic,,symb_vac,0.538404712
Histo_9_March23,HD,OFRA,endemic,,symb_vac,0.717403524
Histo_9_March23,HD,OFRA,endemic,,symb_vac,0.59061307
Histo_9_March23,HD,OFRA,endemic,,symb_vac,0.449504714
Histo_9_March23,HD,OFRA,endemic,,min_symb,14.475
Histo_9_March23,HD,OFRA,endemic,,max_vac,56.327
Histo_9_March23,HD,OFRA,endemic,,avg_symb,22.68746667
Histo_9_March23,HD,OFRA,endemic,,avg_vac,43.68053333
Histo_10_March23,DD,OFRA,endemic,1,gastro,1
Histo_10_March23,DD,OFRA,endemic,,prop_exo,0
Histo_10_March23,DD,OFRA,endemic,,degr_symb,1
Histo_10_March23,DD,OFRA,endemic,2,gastro,1
Histo_10_March23,DD,OFRA,endemic,,prop_exo,0.125
Histo_10_March23,DD,OFRA,endemic,,degr_symb,1
Histo_10_March23,DD,OFRA,endemic,3,gastro,1
Histo_10_March23,DD,OFRA,endemic,,prop_exo,0.166666667
Histo_10_March23,DD,OFRA,endemic,,degr_symb,1
Histo_10_March23,DD,OFRA,endemic,4,gastro,1
Histo_10_March23,DD,OFRA,endemic,,prop_exo,0
Histo_10_March23,DD,OFRA,endemic,,degr_symb,1
Histo_10_March23,DD,OFRA,endemic,5,gastro,1
Histo_10_March23,DD,OFRA,endemic,,prop_exo,0.111111111
Histo_10_March23,DD,OFRA,endemic,,degr_symb,1
Histo_10_March23,DD,OFRA,endemic,,symb_vac,0.441202476
Histo_10_March23,DD,OFRA,endemic,,symb_vac,0.404704632
Histo_10_March23,DD,OFRA,endemic,,symb_vac,0.50042447
Histo_10_March23,DD,OFRA,endemic,,symb_vac,0.530736429
Histo_10_March23,DD,OFRA,endemic,,symb_vac,0.534881534
Histo_10_March23,DD,OFRA,endemic,,symb_vac,0.602844431
Histo_10_March23,DD,OFRA,endemic,,symb_vac,0.565788747
Histo_10_March23,DD,OFRA,endemic,,symb_vac,0.500595878
Histo_10_March23,DD,OFRA,endemic,,symb_vac,0.659395941
Histo_10_March23,DD,OFRA,endemic,,symb_vac,0.529194444
Histo_10_March23,DD,OFRA,endemic,,symb_vac,0.614362757
Histo_10_March23,DD,OFRA,endemic,,symb_vac,0.468537634
Histo_10_March23,DD,OFRA,endemic,,symb_vac,0.472104709
Histo_10_March23,DD,OFRA,endemic,,symb_vac,0.559246841
Histo_10_March23,DD,OFRA,endemic,,symb_vac,0.582901204
Histo_10_March23,DD,OFRA,endemic,,min_symb,14.469
Histo_10_March23,DD,OFRA,endemic,,max_vac,66.531
Histo_10_March23,DD,OFRA,endemic,,avg_symb,25.88413333
Histo_10_March23,DD,OFRA,endemic,,avg_vac,48.44573333
Histo_11_March23,HH,OFRA,endemic,1,gastro,1
Histo_11_March23,HH,OFRA,endemic,,prop_exo,0.297297297
Histo_11_March23,HH,OFRA,endemic,,degr_symb,1
Histo_11_March23,HH,OFRA,endemic,2,gastro,1
Histo_11_March23,HH,OFRA,endemic,,prop_exo,0
Histo_11_March23,HH,OFRA,endemic,,degr_symb,1
Histo_11_March23,HH,OFRA,endemic,3,gastro,1
Histo_11_March23,HH,OFRA,endemic,,prop_exo,0
Histo_11_March23,HH,OFRA,endemic,,degr_symb,1
Histo_11_March23,HH,OFRA,endemic,4,gastro,1
Histo_11_March23,HH,OFRA,endemic,,prop_exo,0
Histo_11_March23,HH,OFRA,endemic,,degr_symb,1
Histo_11_March23,HH,OFRA,endemic,5,gastro,0
Histo_11_March23,HH,OFRA,endemic,,prop_exo,0.0625
Histo_11_March23,HH,OFRA,endemic,,degr_symb,1
Histo_11_March23,HH,OFRA,endemic,,symb_vac,0.635887569
Histo_11_March23,HH,OFRA,endemic,,symb_vac,0.613069872
Histo_11_March23,HH,OFRA,endemic,,symb_vac,0.562104308
Histo_11_March23,HH,OFRA,endemic,,symb_vac,0.501138438
Histo_11_March23,HH,OFRA,endemic,,symb_vac,0.531856293
Histo_11_March23,HH,OFRA,endemic,,symb_vac,0.431834812
Histo_11_March23,HH,OFRA,endemic,,symb_vac,0.390190608
Histo_11_March23,HH,OFRA,endemic,,symb_vac,0.585549259
Histo_11_March23,HH,OFRA,endemic,,symb_vac,0.476000553
Histo_11_March23,HH,OFRA,endemic,,symb_vac,0.414810166
Histo_11_March23,HH,OFRA,endemic,,symb_vac,0.512460039
Histo_11_March23,HH,OFRA,endemic,,symb_vac,0.645176647
Histo_11_March23,HH,OFRA,endemic,,symb_vac,0.528939916
Histo_11_March23,HH,OFRA,endemic,,symb_vac,0.69628091
Histo_11_March23,HH,OFRA,endemic,,symb_vac,0.542185271
Histo_11_March23,HH,OFRA,endemic,,min_symb,18.885
Histo_11_March23,HH,OFRA,endemic,,max_vac,82.862
Histo_11_March23,HH,OFRA,endemic,,avg_symb,30.7808
Histo_11_March23,HH,OFRA,endemic,,avg_vac,57.33533333
Histo_12_March23,HH,OFRA,endemic,1,gastro,1
Histo_12_March23,HH,OFRA,endemic,,prop_exo,0.533333333
Histo_12_March23,HH,OFRA,endemic,,degr_symb,1
Histo_12_March23,HH,OFRA,endemic,2,gastro,1
Histo_12_March23,HH,OFRA,endemic,,prop_exo,0.4
Histo_12_March23,HH,OFRA,endemic,,degr_symb,1
Histo_12_March23,HH,OFRA,endemic,3,gastro,1
Histo_12_March23,HH,OFRA,endemic,,prop_exo,0.166666667
Histo_12_March23,HH,OFRA,endemic,,degr_symb,1
Histo_12_March23,HH,OFRA,endemic,4,gastro,1
Histo_12_March23,HH,OFRA,endemic,,prop_exo,0.368421053
Histo_12_March23,HH,OFRA,endemic,,degr_symb,1
Histo_12_March23,HH,OFRA,endemic,5,gastro,1
Histo_12_March23,HH,OFRA,endemic,,prop_exo,0.625
Histo_12_March23,HH,OFRA,endemic,,degr_symb,1
Histo_12_March23,HH,OFRA,endemic,,symb_vac,0.570204168
Histo_12_March23,HH,OFRA,endemic,,symb_vac,0.558466391
Histo_12_March23,HH,OFRA,endemic,,symb_vac,0.573652174
Histo_12_March23,HH,OFRA,endemic,,symb_vac,0.656545314
Histo_12_March23,HH,OFRA,endemic,,symb_vac,0.582832733
Histo_12_March23,HH,OFRA,endemic,,symb_vac,0.441117121
Histo_12_March23,HH,OFRA,endemic,,symb_vac,0.519116042
Histo_12_March23,HH,OFRA,endemic,,symb_vac,0.487083257
Histo_12_March23,HH,OFRA,endemic,,symb_vac,0.499585022
Histo_12_March23,HH,OFRA,endemic,,symb_vac,0.437259803
Histo_12_March23,HH,OFRA,endemic,,symb_vac,0.663055232
Histo_12_March23,HH,OFRA,endemic,,symb_vac,0.591100254
Histo_12_March23,HH,OFRA,endemic,,symb_vac,0.425757693
Histo_12_March23,HH,OFRA,endemic,,symb_vac,0.503919049
Histo_12_March23,HH,OFRA,endemic,,symb_vac,0.639083019
Histo_12_March23,HH,OFRA,endemic,,min_symb,16.27
Histo_12_March23,HH,OFRA,endemic,,max_vac,58.973
Histo_12_March23,HH,OFRA,endemic,,avg_symb,25.57213333
Histo_12_March23,HH,OFRA,endemic,,avg_vac,47.11753333
Histo_13_March23,DD,OFRA,endemic,1,gastro,1
Histo_13_March23,DD,OFRA,endemic,,prop_exo,0.416666667
Histo_13_March23,DD,OFRA,endemic,,degr_symb,1
Histo_13_March23,DD,OFRA,endemic,2,gastro,1
Histo_13_March23,DD,OFRA,endemic,,prop_exo,0.4
Histo_13_March23,DD,OFRA,endemic,,degr_symb,1
Histo_13_March23,DD,OFRA,endemic,3,gastro,1
Histo_13_March23,DD,OFRA,endemic,,prop_exo,0.3125
Histo_13_March23,DD,OFRA,endemic,,degr_symb,1
Histo_13_March23,DD,OFRA,endemic,4,gastro,0
Histo_13_March23,DD,OFRA,endemic,,prop_exo,0
Histo_13_March23,DD,OFRA,endemic,,degr_symb,1
Histo_13_March23,DD,OFRA,endemic,5,gastro,1
Histo_13_March23,DD,OFRA,endemic,,prop_exo,0.294117647
Histo_13_March23,DD,OFRA,endemic,,degr_symb,1
Histo_13_March23,DD,OFRA,endemic,,symb_vac,0.469113435
Histo_13_March23,DD,OFRA,endemic,,symb_vac,0.504476976
Histo_13_March23,DD,OFRA,endemic,,symb_vac,0.571425018
Histo_13_March23,DD,OFRA,endemic,,symb_vac,0.548767031
Histo_13_March23,DD,OFRA,endemic,,symb_vac,0.570709546
Histo_13_March23,DD,OFRA,endemic,,symb_vac,0.492251853
Histo_13_March23,DD,OFRA,endemic,,symb_vac,0.566854774
Histo_13_March23,DD,OFRA,endemic,,symb_vac,0.559546758
Histo_13_March23,DD,OFRA,endemic,,symb_vac,0.515682396
Histo_13_March23,DD,OFRA,endemic,,symb_vac,0.438463825
Histo_13_March23,DD,OFRA,endemic,,symb_vac,0.497812734
Histo_13_March23,DD,OFRA,endemic,,symb_vac,0.390435448
Histo_13_March23,DD,OFRA,endemic,,symb_vac,0.562053143
Histo_13_March23,DD,OFRA,endemic,,symb_vac,0.465712905
Histo_13_March23,DD,OFRA,endemic,,symb_vac,0.610921851
Histo_13_March23,DD,OFRA,endemic,,min_symb,18.892
Histo_13_March23,DD,OFRA,endemic,,max_vac,63.807
Histo_13_March23,DD,OFRA,endemic,,avg_symb,25.5628
Histo_13_March23,DD,OFRA,endemic,,avg_vac,49.50486667
Histo_14_March23,HD,OFRA,endemic,1,gastro,1
Histo_14_March23,HD,OFRA,endemic,,prop_exo,0.05
Histo_14_March23,HD,OFRA,endemic,,degr_symb,1
Histo_14_March23,HD,OFRA,endemic,2,gastro,1
Histo_14_March23,HD,OFRA,endemic,,prop_exo,0.19047619
Histo_14_March23,HD,OFRA,endemic,,degr_symb,1
Histo_14_March23,HD,OFRA,endemic,3,gastro,1
Histo_14_March23,HD,OFRA,endemic,,prop_exo,0.111111111
Histo_14_March23,HD,OFRA,endemic,,degr_symb,1
Histo_14_March23,HD,OFRA,endemic,4,gastro,1
Histo_14_March23,HD,OFRA,endemic,,prop_exo,0.111111111
Histo_14_March23,HD,OFRA,endemic,,degr_symb,1
Histo_14_March23,HD,OFRA,endemic,5,gastro,1
Histo_14_March23,HD,OFRA,endemic,,prop_exo,0
Histo_14_March23,HD,OFRA,endemic,,degr_symb,1
Histo_14_March23,HD,OFRA,endemic,,symb_vac,0.356167394
Histo_14_March23,HD,OFRA,endemic,,symb_vac,0.504139425
Histo_14_March23,HD,OFRA,endemic,,symb_vac,0.400379931
Histo_14_March23,HD,OFRA,endemic,,symb_vac,0.539672158
Histo_14_March23,HD,OFRA,endemic,,symb_vac,0.548137453
Histo_14_March23,HD,OFRA,endemic,,symb_vac,0.600294655
Histo_14_March23,HD,OFRA,endemic,,symb_vac,0.503903636
Histo_14_March23,HD,OFRA,endemic,,symb_vac,0.565898496
Histo_14_March23,HD,OFRA,endemic,,symb_vac,0.6040713
Histo_14_March23,HD,OFRA,endemic,,symb_vac,0.61335318
Histo_14_March23,HD,OFRA,endemic,,symb_vac,0.589909421
Histo_14_March23,HD,OFRA,endemic,,symb_vac,0.497182291
Histo_14_March23,HD,OFRA,endemic,,symb_vac,0.427874346
Histo_14_March23,HD,OFRA,endemic,,symb_vac,0.547699144
Histo_14_March23,HD,OFRA,endemic,,symb_vac,0.637461059
Histo_14_March23,HD,OFRA,endemic,,min_symb,20.431
Histo_14_March23,HD,OFRA,endemic,,max_vac,68.246
Histo_14_March23,HD,OFRA,endemic,,avg_symb,28.17526667
Histo_14_March23,HD,OFRA,endemic,,avg_vac,53.5616
Histo_15_March23,HH,PAST,endemic,1,gastro,1
Histo_15_March23,HH,PAST,endemic,,prop_exo,0
Histo_15_March23,HH,PAST,endemic,,degr_symb,1
Histo_15_March23,HH,PAST,endemic,2,gastro,1
Histo_15_March23,HH,PAST,endemic,,prop_exo,0.4
Histo_15_March23,HH,PAST,endemic,,degr_symb,1
Histo_15_March23,HH,PAST,endemic,3,gastro,1
Histo_15_March23,HH,PAST,endemic,,prop_exo,0.111111111
Histo_15_March23,HH,PAST,endemic,,degr_symb,1
Histo_15_March23,HH,PAST,endemic,4,gastro,1
Histo_15_March23,HH,PAST,endemic,,prop_exo,0
Histo_15_March23,HH,PAST,endemic,,degr_symb,1
Histo_15_March23,HH,PAST,endemic,5,gastro,1
Histo_15_March23,HH,PAST,endemic,,prop_exo,0
Histo_15_March23,HH,PAST,endemic,,degr_symb,1
Histo_15_March23,HH,PAST,endemic,,symb_vac,0.555217679
Histo_15_March23,HH,PAST,endemic,,symb_vac,0.561547715
Histo_15_March23,HH,PAST,endemic,,symb_vac,0.603248296
Histo_15_March23,HH,PAST,endemic,,symb_vac,0.483167966
Histo_15_March23,HH,PAST,endemic,,symb_vac,0.47641202
Histo_15_March23,HH,PAST,endemic,,symb_vac,0.53131177
Histo_15_March23,HH,PAST,endemic,,symb_vac,0.501809616
Histo_15_March23,HH,PAST,endemic,,symb_vac,0.542407378
Histo_15_March23,HH,PAST,endemic,,symb_vac,0.561056903
Histo_15_March23,HH,PAST,endemic,,symb_vac,0.532182944
Histo_15_March23,HH,PAST,endemic,,symb_vac,0.506753837
Histo_15_March23,HH,PAST,endemic,,symb_vac,0.582897292
Histo_15_March23,HH,PAST,endemic,,symb_vac,0.548851961
Histo_15_March23,HH,PAST,endemic,,symb_vac,0.453335792
Histo_15_March23,HH,PAST,endemic,,symb_vac,0.591413277
Histo_15_March23,HH,PAST,endemic,,min_symb,23.654
Histo_15_March23,HH,PAST,endemic,,max_vac,90.245
Histo_15_March23,HH,PAST,endemic,,avg_symb,34.76026667
Histo_15_March23,HH,PAST,endemic,,avg_vac,64.86666667
Histo_16_March23,HH,OFRA,endemic,1,gastro,1
Histo_16_March23,HH,OFRA,endemic,,prop_exo,0.229166667
Histo_16_March23,HH,OFRA,endemic,,degr_symb,1
Histo_16_March23,HH,OFRA,endemic,2,gastro,1
Histo_16_March23,HH,OFRA,endemic,,prop_exo,0.210526316
Histo_16_March23,HH,OFRA,endemic,,degr_symb,1
Histo_16_March23,HH,OFRA,endemic,3,gastro,1
Histo_16_March23,HH,OFRA,endemic,,prop_exo,0.2
Histo_16_March23,HH,OFRA,endemic,,degr_symb,1
Histo_16_March23,HH,OFRA,endemic,4,gastro,1
Histo_16_March23,HH,OFRA,endemic,,prop_exo,0.176470588
Histo_16_March23,HH,OFRA,endemic,,degr_symb,1
Histo_16_March23,HH,OFRA,endemic,5,gastro,1
Histo_16_March23,HH,OFRA,endemic,,prop_exo,0
Histo_16_March23,HH,OFRA,endemic,,degr_symb,1
Histo_16_March23,HH,OFRA,endemic,,symb_vac,0.459840575
Histo_16_March23,HH,OFRA,endemic,,symb_vac,0.510664698
Histo_16_March23,HH,OFRA,endemic,,symb_vac,0.525768564
Histo_16_March23,HH,OFRA,endemic,,symb_vac,0.482815524
Histo_16_March23,HH,OFRA,endemic,,symb_vac,0.453047423
Histo_16_March23,HH,OFRA,endemic,,symb_vac,0.465633597
Histo_16_March23,HH,OFRA,endemic,,symb_vac,0.502989201
Histo_16_March23,HH,OFRA,endemic,,symb_vac,0.436859168
Histo_16_March23,HH,OFRA,endemic,,symb_vac,0.554189908
Histo_16_March23,HH,OFRA,endemic,,symb_vac,0.45143333
Histo_16_March23,HH,OFRA,endemic,,symb_vac,0.537981893
Histo_16_March23,HH,OFRA,endemic,,symb_vac,0.539741534
Histo_16_March23,HH,OFRA,endemic,,symb_vac,0.493429651
Histo_16_March23,HH,OFRA,endemic,,symb_vac,0.486648607
Histo_16_March23,HH,OFRA,endemic,,symb_vac,0.570503694
Histo_16_March23,HH,OFRA,endemic,,min_symb,19.802
Histo_16_March23,HH,OFRA,endemic,,max_vac,73.431
Histo_16_March23,HH,OFRA,endemic,,avg_symb,24.66186667
Histo_16_March23,HH,OFRA,endemic,,avg_vac,49.50673333
Histo_17_March23,HD,PAST,endemic,1,gastro,1
Histo_17_March23,HD,PAST,endemic,,prop_exo,0.111111111
Histo_17_March23,HD,PAST,endemic,,degr_symb,1
Histo_17_March23,HD,PAST,endemic,2,gastro,1
Histo_17_March23,HD,PAST,endemic,,prop_exo,0
Histo_17_March23,HD,PAST,endemic,,degr_symb,1
Histo_17_March23,HD,PAST,endemic,3,gastro,1
Histo_17_March23,HD,PAST,endemic,,prop_exo,0
Histo_17_March23,HD,PAST,endemic,,degr_symb,1
Histo_17_March23,HD,PAST,endemic,4,gastro,1
Histo_17_March23,HD,PAST,endemic,,prop_exo,0.076923077
Histo_17_March23,HD,PAST,endemic,,degr_symb,1
Histo_17_March23,HD,PAST,endemic,5,gastro,1
Histo_17_March23,HD,PAST,endemic,,prop_exo,0
Histo_17_March23,HD,PAST,endemic,,degr_symb,1
Histo_17_March23,HD,PAST,endemic,,symb_vac,0.514036818
Histo_17_March23,HD,PAST,endemic,,symb_vac,0.557429598
Histo_17_March23,HD,PAST,endemic,,symb_vac,0.668611803
Histo_17_March23,HD,PAST,endemic,,symb_vac,0.52406425
Histo_17_March23,HD,PAST,endemic,,symb_vac,0.638476221
Histo_17_March23,HD,PAST,endemic,,symb_vac,0.496769866
Histo_17_March23,HD,PAST,endemic,,symb_vac,0.623514811
Histo_17_March23,HD,PAST,endemic,,symb_vac,0.716277504
Histo_17_March23,HD,PAST,endemic,,symb_vac,0.432325446
Histo_17_March23,HD,PAST,endemic,,symb_vac,0.48016937
Histo_17_March23,HD,PAST,endemic,,symb_vac,0.451772465
Histo_17_March23,HD,PAST,endemic,,symb_vac,0.528105236
Histo_17_March23,HD,PAST,endemic,,symb_vac,0.495952631
Histo_17_March23,HD,PAST,endemic,,symb_vac,0.479679242
Histo_17_March23,HD,PAST,endemic,,symb_vac,0.537163749
Histo_17_March23,HD,PAST,endemic,,min_symb,19.331
Histo_17_March23,HD,PAST,endemic,,max_vac,84.981
Histo_17_March23,HD,PAST,endemic,,avg_symb,30.84613333
Histo_17_March23,HD,PAST,endemic,,avg_vac,57.45973333
Histo_18_March23,DD,PAST,endemic,1,gastro,1
Histo_18_March23,DD,PAST,endemic,,prop_exo,0
Histo_18_March23,DD,PAST,endemic,,degr_symb,1
Histo_18_March23,DD,PAST,endemic,2,gastro,1
Histo_18_March23,DD,PAST,endemic,,prop_exo,0
Histo_18_March23,DD,PAST,endemic,,degr_symb,1
Histo_18_March23,DD,PAST,endemic,3,gastro,1
Histo_18_March23,DD,PAST,endemic,,prop_exo,0.266666667
Histo_18_March23,DD,PAST,endemic,,degr_symb,1
Histo_18_March23,DD,PAST,endemic,4,gastro,1
Histo_18_March23,DD,PAST,endemic,,prop_exo,0.2
Histo_18_March23,DD,PAST,endemic,,degr_symb,1
Histo_18_March23,DD,PAST,endemic,5,gastro,1
Histo_18_March23,DD,PAST,endemic,,prop_exo,0.166666667
Histo_18_March23,DD,PAST,endemic,,degr_symb,1
Histo_18_March23,DD,PAST,endemic,,symb_vac,0.591066321
Histo_18_March23,DD,PAST,endemic,,symb_vac,0.444957862
Histo_18_March23,DD,PAST,endemic,,symb_vac,0.447707179
Histo_18_March23,DD,PAST,endemic,,symb_vac,0.618253829
Histo_18_March23,DD,PAST,endemic,,symb_vac,0.512826347
Histo_18_March23,DD,PAST,endemic,,symb_vac,0.560476116
Histo_18_March23,DD,PAST,endemic,,symb_vac,0.583648649
Histo_18_March23,DD,PAST,endemic,,symb_vac,0.597441652
Histo_18_March23,DD,PAST,endemic,,symb_vac,0.630451548
Histo_18_March23,DD,PAST,endemic,,symb_vac,0.452109505
Histo_18_March23,DD,PAST,endemic,,symb_vac,0.39096559
Histo_18_March23,DD,PAST,endemic,,symb_vac,0.583783571
Histo_18_March23,DD,PAST,endemic,,symb_vac,0.433634675
Histo_18_March23,DD,PAST,endemic,,symb_vac,0.557601139
Histo_18_March23,DD,PAST,endemic,,symb_vac,0.511334022
Histo_18_March23,DD,PAST,endemic,,min_symb,19.546
Histo_18_March23,DD,PAST,endemic,,max_vac,76.751
Histo_18_March23,DD,PAST,endemic,,avg_symb,32.21553333
Histo_18_March23,DD,PAST,endemic,,avg_vac,61.3798
Histo_19_March23,HH,PAST,endemic,1,gastro,1
Histo_19_March23,HH,PAST,endemic,,prop_exo,0.1
Histo_19_March23,HH,PAST,endemic,,degr_symb,1
Histo_19_March23,HH,PAST,endemic,2,gastro,1
Histo_19_March23,HH,PAST,endemic,,prop_exo,0
Histo_19_March23,HH,PAST,endemic,,degr_symb,1
Histo_19_March23,HH,PAST,endemic,3,gastro,1
Histo_19_March23,HH,PAST,endemic,,prop_exo,0.125
Histo_19_March23,HH,PAST,endemic,,degr_symb,1
Histo_19_March23,HH,PAST,endemic,4,gastro,1
Histo_19_March23,HH,PAST,endemic,,prop_exo,0
Histo_19_March23,HH,PAST,endemic,,degr_symb,1
Histo_19_March23,HH,PAST,endemic,5,gastro,1
Histo_19_March23,HH,PAST,endemic,,prop_exo,0
Histo_19_March23,HH,PAST,endemic,,degr_symb,1
Histo_19_March23,HH,PAST,endemic,,symb_vac,0.510654563
Histo_19_March23,HH,PAST,endemic,,symb_vac,0.49581073
Histo_19_March23,HH,PAST,endemic,,symb_vac,0.707114665
Histo_19_March23,HH,PAST,endemic,,symb_vac,0.551596639
Histo_19_March23,HH,PAST,endemic,,symb_vac,0.533939394
Histo_19_March23,HH,PAST,endemic,,symb_vac,0.537260886
Histo_19_March23,HH,PAST,endemic,,symb_vac,0.499498713
Histo_19_March23,HH,PAST,endemic,,symb_vac,0.522797471
Histo_19_March23,HH,PAST,endemic,,symb_vac,0.535023259
Histo_19_March23,HH,PAST,endemic,,symb_vac,0.54857991
Histo_19_March23,HH,PAST,endemic,,symb_vac,0.535489566
Histo_19_March23,HH,PAST,endemic,,symb_vac,0.591850131
Histo_19_March23,HH,PAST,endemic,,symb_vac,0.447277041
Histo_19_March23,HH,PAST,endemic,,symb_vac,0.680478375
Histo_19_March23,HH,PAST,endemic,,symb_vac,0.606270894
Histo_19_March23,HH,PAST,endemic,,min_symb,26.019
Histo_19_March23,HH,PAST,endemic,,max_vac,83.224
Histo_19_March23,HH,PAST,endemic,,avg_symb,37.77213333
Histo_19_March23,HH,PAST,endemic,,avg_vac,68.5458
Histo_20_March23,HH,OFRA,endemic,1,gastro,1
Histo_20_March23,HH,OFRA,endemic,,prop_exo,0.125
Histo_20_March23,HH,OFRA,endemic,,degr_symb,1
Histo_20_March23,HH,OFRA,endemic,2,gastro,1
Histo_20_March23,HH,OFRA,endemic,,prop_exo,0.285714286
Histo_20_March23,HH,OFRA,endemic,,degr_symb,1
Histo_20_March23,HH,OFRA,endemic,3,gastro,1
Histo_20_March23,HH,OFRA,endemic,,prop_exo,0.416666667
Histo_20_March23,HH,OFRA,endemic,,degr_symb,1
Histo_20_March23,HH,OFRA,endemic,4,gastro,1
Histo_20_March23,HH,OFRA,endemic,,prop_exo,0.047619048
Histo_20_March23,HH,OFRA,endemic,,degr_symb,1
Histo_20_March23,HH,OFRA,endemic,5,gastro,1
Histo_20_March23,HH,OFRA,endemic,,prop_exo,0
Histo_20_March23,HH,OFRA,endemic,,degr_symb,1
Histo_20_March23,HH,OFRA,endemic,,symb_vac,0.494210413
Histo_20_March23,HH,OFRA,endemic,,symb_vac,0.435852525
Histo_20_March23,HH,OFRA,endemic,,symb_vac,0.540797085
Histo_20_March23,HH,OFRA,endemic,,symb_vac,0.562655832
Histo_20_March23,HH,OFRA,endemic,,symb_vac,0.608447309
Histo_20_March23,HH,OFRA,endemic,,symb_vac,0.593346973
Histo_20_March23,HH,OFRA,endemic,,symb_vac,0.550046494
Histo_20_March23,HH,OFRA,endemic,,symb_vac,0.522159128
Histo_20_March23,HH,OFRA,endemic,,symb_vac,0.448931942
Histo_20_March23,HH,OFRA,endemic,,symb_vac,0.473457155
Histo_20_March23,HH,OFRA,endemic,,symb_vac,0.388503297
Histo_20_March23,HH,OFRA,endemic,,symb_vac,0.478737502
Histo_20_March23,HH,OFRA,endemic,,symb_vac,0.500813472
Histo_20_March23,HH,OFRA,endemic,,symb_vac,0.515768385
Histo_20_March23,HH,OFRA,endemic,,symb_vac,0.460472223
Histo_20_March23,HH,OFRA,endemic,,min_symb,15.673
Histo_20_March23,HH,OFRA,endemic,,max_vac,65.985
Histo_20_March23,HH,OFRA,endemic,,avg_symb,26.33653333
Histo_20_March23,HH,OFRA,endemic,,avg_vac,51.52513333
Histo_21_March23,HH,PAST,endemic,1,gastro,1
Histo_21_March23,HH,PAST,endemic,,prop_exo,0
Histo_21_March23,HH,PAST,endemic,,degr_symb,1
Histo_21_March23,HH,PAST,endemic,2,gastro,1
Histo_21_March23,HH,PAST,endemic,,prop_exo,0.272727273
Histo_21_March23,HH,PAST,endemic,,degr_symb,1
Histo_21_March23,HH,PAST,endemic,3,gastro,1
Histo_21_March23,HH,PAST,endemic,,prop_exo,0
Histo_21_March23,HH,PAST,endemic,,degr_symb,1
Histo_21_March23,HH,PAST,endemic,4,gastro,1
Histo_21_March23,HH,PAST,endemic,,prop_exo,0.25
Histo_21_March23,HH,PAST,endemic,,degr_symb,1
Histo_21_March23,HH,PAST,endemic,5,gastro,1
Histo_21_March23,HH,PAST,endemic,,prop_exo,0
Histo_21_March23,HH,PAST,endemic,,degr_symb,1
Histo_21_March23,HH,PAST,endemic,,symb_vac,0.56256342
Histo_21_March23,HH,PAST,endemic,,symb_vac,0.470021273
Histo_21_March23,HH,PAST,endemic,,symb_vac,0.537544514
Histo_21_March23,HH,PAST,endemic,,symb_vac,0.580518213
Histo_21_March23,HH,PAST,endemic,,symb_vac,0.499096712
Histo_21_March23,HH,PAST,endemic,,symb_vac,0.656344671
Histo_21_March23,HH,PAST,endemic,,symb_vac,0.44291217
Histo_21_March23,HH,PAST,endemic,,symb_vac,0.583934052
Histo_21_March23,HH,PAST,endemic,,symb_vac,0.434973459
Histo_21_March23,HH,PAST,endemic,,symb_vac,0.497573755
Histo_21_March23,HH,PAST,endemic,,symb_vac,0.546774011
Histo_21_March23,HH,PAST,endemic,,symb_vac,0.465671098
Histo_21_March23,HH,PAST,endemic,,symb_vac,0.482233951
Histo_21_March23,HH,PAST,endemic,,symb_vac,0.525959765
Histo_21_March23,HH,PAST,endemic,,symb_vac,0.415655914
Histo_21_March23,HH,PAST,endemic,,min_symb,19.328
Histo_21_March23,HH,PAST,endemic,,max_vac,74.727
Histo_21_March23,HH,PAST,endemic,,avg_symb,30.7396
Histo_21_March23,HH,PAST,endemic,,avg_vac,59.5944
Histo_22_March23,DD,PAST,endemic,1,gastro,1
Histo_22_March23,DD,PAST,endemic,,prop_exo,0
Histo_22_March23,DD,PAST,endemic,,degr_symb,1
Histo_22_March23,DD,PAST,endemic,2,gastro,1
Histo_22_March23,DD,PAST,endemic,,prop_exo,0.111111111
Histo_22_March23,DD,PAST,endemic,,degr_symb,1
Histo_22_March23,DD,PAST,endemic,3,gastro,1
Histo_22_March23,DD,PAST,endemic,,prop_exo,0
Histo_22_March23,DD,PAST,endemic,,degr_symb,0
Histo_22_March23,DD,PAST,endemic,4,gastro,1
Histo_22_March23,DD,PAST,endemic,,prop_exo,0
Histo_22_March23,DD,PAST,endemic,,degr_symb,1
Histo_22_March23,DD,PAST,endemic,5,gastro,1
Histo_22_March23,DD,PAST,endemic,,prop_exo,0
Histo_22_March23,DD,PAST,endemic,,degr_symb,1
Histo_22_March23,DD,PAST,endemic,,symb_vac,0.553629889
Histo_22_March23,DD,PAST,endemic,,symb_vac,0.572180204
Histo_22_March23,DD,PAST,endemic,,symb_vac,0.653152714
Histo_22_March23,DD,PAST,endemic,,symb_vac,0.387973577
Histo_22_March23,DD,PAST,endemic,,symb_vac,0.446409329
Histo_22_March23,DD,PAST,endemic,,symb_vac,0.503518216
Histo_22_March23,DD,PAST,endemic,,symb_vac,0.438397891
Histo_22_March23,DD,PAST,endemic,,symb_vac,0.659209796
Histo_22_March23,DD,PAST,endemic,,symb_vac,0.449426851
Histo_22_March23,DD,PAST,endemic,,symb_vac,0.479873565
Histo_22_March23,DD,PAST,endemic,,symb_vac,0.553223531
Histo_22_March23,DD,PAST,endemic,,symb_vac,0.523426049
Histo_22_March23,DD,PAST,endemic,,symb_vac,0.506456629
Histo_22_March23,DD,PAST,endemic,,symb_vac,0.533179417
Histo_22_March23,DD,PAST,endemic,,symb_vac,0.502873935
Histo_22_March23,DD,PAST,endemic,,min_symb,19.286
Histo_22_March23,DD,PAST,endemic,,max_vac,64.451
Histo_22_March23,DD,PAST,endemic,,avg_symb,27.4918
Histo_22_March23,DD,PAST,endemic,,avg_vac,53.25013333
Histo_23_March23,HD,PAST,endemic,1,gastro,1
Histo_23_March23,HD,PAST,endemic,,prop_exo,0.2
Histo_23_March23,HD,PAST,endemic,,degr_symb,1
Histo_23_March23,HD,PAST,endemic,2,gastro,1
Histo_23_March23,HD,PAST,endemic,,prop_exo,0
Histo_23_March23,HD,PAST,endemic,,degr_symb,1
Histo_23_March23,HD,PAST,endemic,3,gastro,1
Histo_23_March23,HD,PAST,endemic,,prop_exo,0
Histo_23_March23,HD,PAST,endemic,,degr_symb,1
Histo_23_March23,HD,PAST,endemic,4,gastro,1
Histo_23_March23,HD,PAST,endemic,,prop_exo,0.111111111
Histo_23_March23,HD,PAST,endemic,,degr_symb,1
Histo_23_March23,HD,PAST,endemic,5,gastro,1
Histo_23_March23,HD,PAST,endemic,,prop_exo,0.142857143
Histo_23_March23,HD,PAST,endemic,,degr_symb,1
Histo_23_March23,HD,PAST,endemic,,symb_vac,0.570070106
Histo_23_March23,HD,PAST,endemic,,symb_vac,0.550030451
Histo_23_March23,HD,PAST,endemic,,symb_vac,0.583520819
Histo_23_March23,HD,PAST,endemic,,symb_vac,0.527485603
Histo_23_March23,HD,PAST,endemic,,symb_vac,0.46285699
Histo_23_March23,HD,PAST,endemic,,symb_vac,0.620864035
Histo_23_March23,HD,PAST,endemic,,symb_vac,0.507165545
Histo_23_March23,HD,PAST,endemic,,symb_vac,0.483734666
Histo_23_March23,HD,PAST,endemic,,symb_vac,0.490625728
Histo_23_March23,HD,PAST,endemic,,symb_vac,0.591078915
Histo_23_March23,HD,PAST,endemic,,symb_vac,0.647495207
Histo_23_March23,HD,PAST,endemic,,symb_vac,0.540049635
Histo_23_March23,HD,PAST,endemic,,symb_vac,0.590205089
Histo_23_March23,HD,PAST,endemic,,symb_vac,0.532556478
Histo_23_March23,HD,PAST,endemic,,symb_vac,0.455300304
Histo_23_March23,HD,PAST,endemic,,min_symb,25.279
Histo_23_March23,HD,PAST,endemic,,max_vac,92.149
Histo_23_March23,HD,PAST,endemic,,avg_symb,36.60773333
Histo_23_March23,HD,PAST,endemic,,avg_vac,67.15433333
Histo_24_March23,DD,PAST,endemic,1,gastro,1
Histo_24_March23,DD,PAST,endemic,,prop_exo,0.25
Histo_24_March23,DD,PAST,endemic,,degr_symb,1
Histo_24_March23,DD,PAST,endemic,2,gastro,1
Histo_24_March23,DD,PAST,endemic,,prop_exo,0
Histo_24_March23,DD,PAST,endemic,,degr_symb,1
Histo_24_March23,DD,PAST,endemic,3,gastro,1
Histo_24_March23,DD,PAST,endemic,,prop_exo,0.1
Histo_24_March23,DD,PAST,endemic,,degr_symb,1
Histo_24_March23,DD,PAST,endemic,4,gastro,1
Histo_24_March23,DD,PAST,endemic,,prop_exo,0
Histo_24_March23,DD,PAST,endemic,,degr_symb,1
Histo_24_March23,DD,PAST,endemic,5,gastro,1
Histo_24_March23,DD,PAST,endemic,,prop_exo,0.2
Histo_24_March23,DD,PAST,endemic,,degr_symb,1
Histo_24_March23,DD,PAST,endemic,,symb_vac,0.58042492
Histo_24_March23,DD,PAST,endemic,,symb_vac,0.752951911
Histo_24_March23,DD,PAST,endemic,,symb_vac,0.535956702
Histo_24_March23,DD,PAST,endemic,,symb_vac,0.549990825
Histo_24_March23,DD,PAST,endemic,,symb_vac,0.532716821
Histo_24_March23,DD,PAST,endemic,,symb_vac,0.459481801
Histo_24_March23,DD,PAST,endemic,,symb_vac,0.565951069
Histo_24_March23,DD,PAST,endemic,,symb_vac,0.508334041
Histo_24_March23,DD,PAST,endemic,,symb_vac,0.541236123
Histo_24_March23,DD,PAST,endemic,,symb_vac,0.477092342
Histo_24_March23,DD,PAST,endemic,,symb_vac,0.545970285
Histo_24_March23,DD,PAST,endemic,,symb_vac,0.530533127
Histo_24_March23,DD,PAST,endemic,,symb_vac,0.647146147
Histo_24_March23,DD,PAST,endemic,,symb_vac,0.585192647
Histo_24_March23,DD,PAST,endemic,,symb_vac,0.609389322
Histo_24_March23,DD,PAST,endemic,,min_symb,17.787
Histo_24_March23,DD,PAST,endemic,,max_vac,85.801
Histo_24_March23,DD,PAST,endemic,,avg_symb,37.18893333
Histo_24_March23,DD,PAST,endemic,,avg_vac,65.8724
Histo_25_March23,HD,PAST,endemic,1,gastro,1
Histo_25_March23,HD,PAST,endemic,,prop_exo,0.428571429
Histo_25_March23,HD,PAST,endemic,,degr_symb,1
Histo_25_March23,HD,PAST,endemic,2,gastro,1
Histo_25_March23,HD,PAST,endemic,,prop_exo,0.25
Histo_25_March23,HD,PAST,endemic,,degr_symb,1
Histo_25_March23,HD,PAST,endemic,3,gastro,1
Histo_25_March23,HD,PAST,endemic,,prop_exo,0.058823529
Histo_25_March23,HD,PAST,endemic,,degr_symb,1
Histo_25_March23,HD,PAST,endemic,4,gastro,1
Histo_25_March23,HD,PAST,endemic,,prop_exo,0
Histo_25_March23,HD,PAST,endemic,,degr_symb,1
Histo_25_March23,HD,PAST,endemic,5,gastro,1
Histo_25_March23,HD,PAST,endemic,,prop_exo,0.111111111
Histo_25_March23,HD,PAST,endemic,,degr_symb,1
Histo_25_March23,HD,PAST,endemic,,symb_vac,0.521782507
Histo_25_March23,HD,PAST,endemic,,symb_vac,0.680087364
Histo_25_March23,HD,PAST,endemic,,symb_vac,0.433412396
Histo_25_March23,HD,PAST,endemic,,symb_vac,0.540871472
Histo_25_March23,HD,PAST,endemic,,symb_vac,0.640733464
Histo_25_March23,HD,PAST,endemic,,symb_vac,0.538406481
Histo_25_March23,HD,PAST,endemic,,symb_vac,0.613007455
Histo_25_March23,HD,PAST,endemic,,symb_vac,0.626469567
Histo_25_March23,HD,PAST,endemic,,symb_vac,0.569847279
Histo_25_March23,HD,PAST,endemic,,symb_vac,0.68420366
Histo_25_March23,HD,PAST,endemic,,symb_vac,0.516207192
Histo_25_March23,HD,PAST,endemic,,symb_vac,0.585273523
Histo_25_March23,HD,PAST,endemic,,symb_vac,0.598587529
Histo_25_March23,HD,PAST,endemic,,symb_vac,0.611959889
Histo_25_March23,HD,PAST,endemic,,symb_vac,0.520353849
Histo_25_March23,HD,PAST,endemic,,min_symb,23.572
Histo_25_March23,HD,PAST,endemic,,max_vac,87.203
Histo_25_March23,HD,PAST,endemic,,avg_symb,38.9386
Histo_25_March23,HD,PAST,endemic,,avg_vac,67.63533333
Histo_26_March23,HH,PAST,endemic,1,gastro,1
Histo_26_March23,HH,PAST,endemic,,prop_exo,0.25
Histo_26_March23,HH,PAST,endemic,,degr_symb,1
Histo_26_March23,HH,PAST,endemic,2,gastro,0
Histo_26_March23,HH,PAST,endemic,,prop_exo,0
Histo_26_March23,HH,PAST,endemic,,degr_symb,1
Histo_26_March23,HH,PAST,endemic,3,gastro,1
Histo_26_March23,HH,PAST,endemic,,prop_exo,0
Histo_26_March23,HH,PAST,endemic,,degr_symb,1
Histo_26_March23,HH,PAST,endemic,4,gastro,1
Histo_26_March23,HH,PAST,endemic,,prop_exo,0.111111111
Histo_26_March23,HH,PAST,endemic,,degr_symb,1
Histo_26_March23,HH,PAST,endemic,5,gastro,1
Histo_26_March23,HH,PAST,endemic,,prop_exo,0.107142857
Histo_26_March23,HH,PAST,endemic,,degr_symb,1
Histo_26_March23,HH,PAST,endemic,,symb_vac,0.545096937
Histo_26_March23,HH,PAST,endemic,,symb_vac,0.459397697
Histo_26_March23,HH,PAST,endemic,,symb_vac,0.506852474
Histo_26_March23,HH,PAST,endemic,,symb_vac,0.501757105
Histo_26_March23,HH,PAST,endemic,,symb_vac,0.429881482
Histo_26_March23,HH,PAST,endemic,,symb_vac,0.43986746
Histo_26_March23,HH,PAST,endemic,,symb_vac,0.41502986
Histo_26_March23,HH,PAST,endemic,,symb_vac,0.5077342
Histo_26_March23,HH,PAST,endemic,,symb_vac,0.487823544
Histo_26_March23,HH,PAST,endemic,,symb_vac,0.58849117
Histo_26_March23,HH,PAST,endemic,,symb_vac,0.587519076
Histo_26_March23,HH,PAST,endemic,,symb_vac,0.567448837
Histo_26_March23,HH,PAST,endemic,,symb_vac,0.61329768
Histo_26_March23,HH,PAST,endemic,,symb_vac,0.558616964
Histo_26_March23,HH,PAST,endemic,,symb_vac,0.554136945
Histo_26_March23,HH,PAST,endemic,,min_symb,22.189
Histo_26_March23,HH,PAST,endemic,,max_vac,100.647
Histo_26_March23,HH,PAST,endemic,,avg_symb,34.03386667
Histo_26_March23,HH,PAST,endemic,,avg_vac,65.43026667
Histo_27_March23,HH,PAST,endemic,1,gastro,1
Histo_27_March23,HH,PAST,endemic,,prop_exo,0
Histo_27_March23,HH,PAST,endemic,,degr_symb,1
Histo_27_March23,HH,PAST,endemic,2,gastro,1
Histo_27_March23,HH,PAST,endemic,,prop_exo,0.214285714
Histo_27_March23,HH,PAST,endemic,,degr_symb,1
Histo_27_March23,HH,PAST,endemic,3,gastro,1
Histo_27_March23,HH,PAST,endemic,,prop_exo,0.133333333
Histo_27_March23,HH,PAST,endemic,,degr_symb,1
Histo_27_March23,HH,PAST,endemic,4,gastro,1
Histo_27_March23,HH,PAST,endemic,,prop_exo,0
Histo_27_March23,HH,PAST,endemic,,degr_symb,1
Histo_27_March23,HH,PAST,endemic,5,gastro,1
Histo_27_March23,HH,PAST,endemic,,prop_exo,0.111111111
Histo_27_March23,HH,PAST,endemic,,degr_symb,1
Histo_27_March23,HH,PAST,endemic,,symb_vac,0.684809449
Histo_27_March23,HH,PAST,endemic,,symb_vac,0.67388284
Histo_27_March23,HH,PAST,endemic,,symb_vac,0.596502186
Histo_27_March23,HH,PAST,endemic,,symb_vac,0.621362632
Histo_27_March23,HH,PAST,endemic,,symb_vac,0.643830922
Histo_27_March23,HH,PAST,endemic,,symb_vac,0.574012439
Histo_27_March23,HH,PAST,endemic,,symb_vac,0.804413875
Histo_27_March23,HH,PAST,endemic,,symb_vac,0.605347049
Histo_27_March23,HH,PAST,endemic,,symb_vac,0.598800763
Histo_27_March23,HH,PAST,endemic,,symb_vac,0.66626416
Histo_27_March23,HH,PAST,endemic,,symb_vac,0.650802712
Histo_27_March23,HH,PAST,endemic,,symb_vac,0.768528986
Histo_27_March23,HH,PAST,endemic,,symb_vac,0.679132869
Histo_27_March23,HH,PAST,endemic,,symb_vac,0.705426357
Histo_27_March23,HH,PAST,endemic,,symb_vac,0.720890994
Histo_27_March23,HH,PAST,endemic,,min_symb,30.087
Histo_27_March23,HH,PAST,endemic,,max_vac,85.834
Histo_27_March23,HH,PAST,endemic,,avg_symb,41.97433333
Histo_27_March23,HH,PAST,endemic,,avg_vac,63.15713333
Histo_28_March23,HD,PSTR,endemic,1,gastro,1
Histo_28_March23,HD,PSTR,endemic,,prop_exo,0.2
Histo_28_March23,HD,PSTR,endemic,,degr_symb,1
Histo_28_March23,HD,PSTR,endemic,2,gastro,1
Histo_28_March23,HD,PSTR,endemic,,prop_exo,0.333333333
Histo_28_March23,HD,PSTR,endemic,,degr_symb,1
Histo_28_March23,HD,PSTR,endemic,3,gastro,1
Histo_28_March23,HD,PSTR,endemic,,prop_exo,0.357142857
Histo_28_March23,HD,PSTR,endemic,,degr_symb,1
Histo_28_March23,HD,PSTR,endemic,4,gastro,1
Histo_28_March23,HD,PSTR,endemic,,prop_exo,0.217391304
Histo_28_March23,HD,PSTR,endemic,,degr_symb,1
Histo_28_March23,HD,PSTR,endemic,5,gastro,1
Histo_28_March23,HD,PSTR,endemic,,prop_exo,0.4
Histo_28_March23,HD,PSTR,endemic,,degr_symb,1
Histo_28_March23,HD,PSTR,endemic,,symb_vac,0.560269978
Histo_28_March23,HD,PSTR,endemic,,symb_vac,0.836914225
Histo_28_March23,HD,PSTR,endemic,,symb_vac,0.803358992
Histo_28_March23,HD,PSTR,endemic,,symb_vac,0.814893617
Histo_28_March23,HD,PSTR,endemic,,symb_vac,0.692307692
Histo_28_March23,HD,PSTR,endemic,,symb_vac,0.937881396
Histo_28_March23,HD,PSTR,endemic,,symb_vac,0.761271146
Histo_28_March23,HD,PSTR,endemic,,symb_vac,0.711789586
Histo_28_March23,HD,PSTR,endemic,,symb_vac,0.741818978
Histo_28_March23,HD,PSTR,endemic,,symb_vac,0.711564626
Histo_28_March23,HD,PSTR,endemic,,symb_vac,0.743214121
Histo_28_March23,HD,PSTR,endemic,,symb_vac,0.648421809
Histo_28_March23,HD,PSTR,endemic,,symb_vac,0.856267552
Histo_28_March23,HD,PSTR,endemic,,symb_vac,0.633764306
Histo_28_March23,HD,PSTR,endemic,,symb_vac,0.844748707
Histo_28_March23,HD,PSTR,endemic,,min_symb,29.43
Histo_28_March23,HD,PSTR,endemic,,max_vac,77.956
Histo_28_March23,HD,PSTR,endemic,,avg_symb,41.78953333
Histo_28_March23,HD,PSTR,endemic,,avg_vac,55.34713333
Histo_29_March23,DD,PSTR,endemic,1,gastro,1
Histo_29_March23,DD,PSTR,endemic,,prop_exo,0.142857143
Histo_29_March23,DD,PSTR,endemic,,degr_symb,1
Histo_29_March23,DD,PSTR,endemic,2,gastro,1
Histo_29_March23,DD,PSTR,endemic,,prop_exo,0.571428571
Histo_29_March23,DD,PSTR,endemic,,degr_symb,1
Histo_29_March23,DD,PSTR,endemic,3,gastro,1
Histo_29_March23,DD,PSTR,endemic,,prop_exo,0.363636364
Histo_29_March23,DD,PSTR,endemic,,degr_symb,1
Histo_29_March23,DD,PSTR,endemic,4,gastro,1
Histo_29_March23,DD,PSTR,endemic,,prop_exo,0.25
Histo_29_March23,DD,PSTR,endemic,,degr_symb,1
Histo_29_March23,DD,PSTR,endemic,5,gastro,1
Histo_29_March23,DD,PSTR,endemic,,prop_exo,0.387096774
Histo_29_March23,DD,PSTR,endemic,,degr_symb,1
Histo_29_March23,DD,PSTR,endemic,,symb_vac,0.660857671
Histo_29_March23,DD,PSTR,endemic,,symb_vac,0.71258158
Histo_29_March23,DD,PSTR,endemic,,symb_vac,0.69281383
Histo_29_March23,DD,PSTR,endemic,,symb_vac,0.771097538
Histo_29_March23,DD,PSTR,endemic,,symb_vac,0.755428625
Histo_29_March23,DD,PSTR,endemic,,symb_vac,0.727090448
Histo_29_March23,DD,PSTR,endemic,,symb_vac,0.706837572
Histo_29_March23,DD,PSTR,endemic,,symb_vac,0.845226233
Histo_29_March23,DD,PSTR,endemic,,symb_vac,0.76291737
Histo_29_March23,DD,PSTR,endemic,,symb_vac,0.755009443
Histo_29_March23,DD,PSTR,endemic,,symb_vac,0.847398248
Histo_29_March23,DD,PSTR,endemic,,symb_vac,0.764876527
Histo_29_March23,DD,PSTR,endemic,,symb_vac,0.742027752
Histo_29_March23,DD,PSTR,endemic,,symb_vac,0.871914995
Histo_29_March23,DD,PSTR,endemic,,symb_vac,0.858386867
Histo_29_March23,DD,PSTR,endemic,,min_symb,25.684
Histo_29_March23,DD,PSTR,endemic,,max_vac,63.838
Histo_29_March23,DD,PSTR,endemic,,avg_symb,33.50753333
Histo_29_March23,DD,PSTR,endemic,,avg_vac,44.06046667
Histo_30_March23,DD,PAST,endemic,1,gastro,1
Histo_30_March23,DD,PAST,endemic,,prop_exo,0.2
Histo_30_March23,DD,PAST,endemic,,degr_symb,1
Histo_30_March23,DD,PAST,endemic,2,gastro,1
Histo_30_March23,DD,PAST,endemic,,prop_exo,0.25
Histo_30_March23,DD,PAST,endemic,,degr_symb,1
Histo_30_March23,DD,PAST,endemic,3,gastro,1
Histo_30_March23,DD,PAST,endemic,,prop_exo,0
Histo_30_March23,DD,PAST,endemic,,degr_symb,1
Histo_30_March23,DD,PAST,endemic,4,gastro,1
Histo_30_March23,DD,PAST,endemic,,prop_exo,0.166666667
Histo_30_March23,DD,PAST,endemic,,degr_symb,1
Histo_30_March23,DD,PAST,endemic,5,gastro,1
Histo_30_March23,DD,PAST,endemic,,prop_exo,0.142857143
Histo_30_March23,DD,PAST,endemic,,degr_symb,1
Histo_30_March23,DD,PAST,endemic,,symb_vac,0.738058252
Histo_30_March23,DD,PAST,endemic,,symb_vac,0.823650179
Histo_30_March23,DD,PAST,endemic,,symb_vac,0.835651519
Histo_30_March23,DD,PAST,endemic,,symb_vac,0.699331849
Histo_30_March23,DD,PAST,endemic,,symb_vac,0.797522808
Histo_30_March23,DD,PAST,endemic,,symb_vac,0.813436861
Histo_30_March23,DD,PAST,endemic,,symb_vac,0.706992329
Histo_30_March23,DD,PAST,endemic,,symb_vac,0.779132318
Histo_30_March23,DD,PAST,endemic,,symb_vac,0.896994897
Histo_30_March23,DD,PAST,endemic,,symb_vac,0.783596113
Histo_30_March23,DD,PAST,endemic,,symb_vac,0.754452316
Histo_30_March23,DD,PAST,endemic,,symb_vac,0.739091043
Histo_30_March23,DD,PAST,endemic,,symb_vac,0.769233753
Histo_30_March23,DD,PAST,endemic,,symb_vac,0.760743516
Histo_30_March23,DD,PAST,endemic,,symb_vac,0.766170871
Histo_30_March23,DD,PAST,endemic,,min_symb,35.078
Histo_30_March23,DD,PAST,endemic,,max_vac,79.721
Histo_30_March23,DD,PAST,endemic,,avg_symb,47.46586667
Histo_30_March23,DD,PAST,endemic,,avg_vac,60.87486667
Histo_31_March23,HD,PAST,endemic,1,gastro,1
Histo_31_March23,HD,PAST,endemic,,prop_exo,0.285714286
Histo_31_March23,HD,PAST,endemic,,degr_symb,1
Histo_31_March23,HD,PAST,endemic,2,gastro,1
Histo_31_March23,HD,PAST,endemic,,prop_exo,0.428571429
Histo_31_March23,HD,PAST,endemic,,degr_symb,1
Histo_31_March23,HD,PAST,endemic,3,gastro,1
Histo_31_March23,HD,PAST,endemic,,prop_exo,0
Histo_31_March23,HD,PAST,endemic,,degr_symb,1
Histo_31_March23,HD,PAST,endemic,4,gastro,1
Histo_31_March23,HD,PAST,endemic,,prop_exo,0.428571429
Histo_31_March23,HD,PAST,endemic,,degr_symb,1
Histo_31_March23,HD,PAST,endemic,5,gastro,1
Histo_31_March23,HD,PAST,endemic,,prop_exo,0.125
Histo_31_March23,HD,PAST,endemic,,degr_symb,1
Histo_31_March23,HD,PAST,endemic,,symb_vac,0.786632777
Histo_31_March23,HD,PAST,endemic,,symb_vac,0.799955871
Histo_31_March23,HD,PAST,endemic,,symb_vac,0.943792578
Histo_31_March23,HD,PAST,endemic,,symb_vac,1.004748338
Histo_31_March23,HD,PAST,endemic,,symb_vac,0.76463243
Histo_31_March23,HD,PAST,endemic,,symb_vac,0.773723167
Histo_31_March23,HD,PAST,endemic,,symb_vac,0.690250997
Histo_31_March23,HD,PAST,endemic,,symb_vac,0.655884494
Histo_31_March23,HD,PAST,endemic,,symb_vac,0.714937638
Histo_31_March23,HD,PAST,endemic,,symb_vac,0.783671958
Histo_31_March23,HD,PAST,endemic,,symb_vac,0.794625209
Histo_31_March23,HD,PAST,endemic,,symb_vac,0.867290096
Histo_31_March23,HD,PAST,endemic,,symb_vac,0.778080241
Histo_31_March23,HD,PAST,endemic,,symb_vac,0.774714303
Histo_31_March23,HD,PAST,endemic,,symb_vac,0.754013255
Histo_31_March23,HD,PAST,endemic,,min_symb,32.201
Histo_31_March23,HD,PAST,endemic,,max_vac,81.48
Histo_31_March23,HD,PAST,endemic,,avg_symb,46.13206667
Histo_31_March23,HD,PAST,endemic,,avg_vac,58.63946667
Histo_32_March23,HD,PAST,endemic,1,gastro,1
Histo_32_March23,HD,PAST,endemic,,prop_exo,0.3125
Histo_32_March23,HD,PAST,endemic,,degr_symb,1
Histo_32_March23,HD,PAST,endemic,2,gastro,1
Histo_32_March23,HD,PAST,endemic,,prop_exo,0.08
Histo_32_March23,HD,PAST,endemic,,degr_symb,1
Histo_32_March23,HD,PAST,endemic,3,gastro,1
Histo_32_March23,HD,PAST,endemic,,prop_exo,0
Histo_32_March23,HD,PAST,endemic,,degr_symb,1
Histo_32_March23,HD,PAST,endemic,4,gastro,1
Histo_32_March23,HD,PAST,endemic,,prop_exo,0
Histo_32_March23,HD,PAST,endemic,,degr_symb,1
Histo_32_March23,HD,PAST,endemic,5,gastro,1
Histo_32_March23,HD,PAST,endemic,,prop_exo,0.214285714
Histo_32_March23,HD,PAST,endemic,,degr_symb,1
Histo_32_March23,HD,PAST,endemic,,symb_vac,0.707639471
Histo_32_March23,HD,PAST,endemic,,symb_vac,0.679178777
Histo_32_March23,HD,PAST,endemic,,symb_vac,0.85146398
Histo_32_March23,HD,PAST,endemic,,symb_vac,0.78117748
Histo_32_March23,HD,PAST,endemic,,symb_vac,1.002548028
Histo_32_March23,HD,PAST,endemic,,symb_vac,0.719296045
Histo_32_March23,HD,PAST,endemic,,symb_vac,0.697288271
Histo_32_March23,HD,PAST,endemic,,symb_vac,0.804730888
Histo_32_March23,HD,PAST,endemic,,symb_vac,0.721018259
Histo_32_March23,HD,PAST,endemic,,symb_vac,0.826067167
Histo_32_March23,HD,PAST,endemic,,symb_vac,0.788340504
Histo_32_March23,HD,PAST,endemic,,symb_vac,0.75235477
Histo_32_March23,HD,PAST,endemic,,symb_vac,0.758415692
Histo_32_March23,HD,PAST,endemic,,symb_vac,0.715787032
Histo_32_March23,HD,PAST,endemic,,symb_vac,0.854342234
Histo_32_March23,HD,PAST,endemic,,min_symb,29.648
Histo_32_March23,HD,PAST,endemic,,max_vac,72.925
Histo_32_March23,HD,PAST,endemic,,avg_symb,41.80346667
Histo_32_March23,HD,PAST,endemic,,avg_vac,53.5172
Histo_33_March23 ,DD,PAST,endemic,1,gastro,1
Histo_33_March23 ,DD,PAST,endemic,,prop_exo,0.2
Histo_33_March23 ,DD,PAST,endemic,,degr_symb,1
Histo_33_March23 ,DD,PAST,endemic,2,gastro,1
Histo_33_March23 ,DD,PAST,endemic,,prop_exo,0
Histo_33_March23 ,DD,PAST,endemic,,degr_symb,1
Histo_33_March23 ,DD,PAST,endemic,3,gastro,1
Histo_33_March23 ,DD,PAST,endemic,,prop_exo,0.307692308
Histo_33_March23 ,DD,PAST,endemic,,degr_symb,1
Histo_33_March23 ,DD,PAST,endemic,4,gastro,1
Histo_33_March23 ,DD,PAST,endemic,,prop_exo,0
Histo_33_March23 ,DD,PAST,endemic,,degr_symb,1
Histo_33_March23 ,DD,PAST,endemic,5,gastro,1
Histo_33_March23 ,DD,PAST,endemic,,prop_exo,0
Histo_33_March23 ,DD,PAST,endemic,,degr_symb,1
Histo_33_March23 ,DD,PAST,endemic,,symb_vac,0.783594459
Histo_33_March23 ,DD,PAST,endemic,,symb_vac,0.635260638
Histo_33_March23 ,DD,PAST,endemic,,symb_vac,0.932521175
Histo_33_March23 ,DD,PAST,endemic,,symb_vac,0.569761467
Histo_33_March23 ,DD,PAST,endemic,,symb_vac,0.737200888
Histo_33_March23 ,DD,PAST,endemic,,symb_vac,0.763202726
Histo_33_March23 ,DD,PAST,endemic,,symb_vac,0.765791684
Histo_33_March23 ,DD,PAST,endemic,,symb_vac,0.758716689
Histo_33_March23 ,DD,PAST,endemic,,symb_vac,0.836546521
Histo_33_March23 ,DD,PAST,endemic,,symb_vac,0.743770943
Histo_33_March23 ,DD,PAST,endemic,,symb_vac,0.902195049
Histo_33_March23 ,DD,PAST,endemic,,symb_vac,0.880288562
Histo_33_March23 ,DD,PAST,endemic,,symb_vac,0.702795159
Histo_33_March23 ,DD,PAST,endemic,,symb_vac,0.701192497
Histo_33_March23 ,DD,PAST,endemic,,symb_vac,0.75909892
Histo_33_March23 ,DD,PAST,endemic,,min_symb,28.797
Histo_33_March23 ,DD,PAST,endemic,,max_vac,65.255
Histo_33_March23 ,DD,PAST,endemic,,avg_symb,42.99206667
Histo_33_March23 ,DD,PAST,endemic,,avg_vac,56.1076
Histo_34_March23,HH,PSTR,endemic,1,gastro,1
Histo_34_March23,HH,PSTR,endemic,,prop_exo,0.294117647
Histo_34_March23,HH,PSTR,endemic,,degr_symb,1
Histo_34_March23,HH,PSTR,endemic,2,gastro,1
Histo_34_March23,HH,PSTR,endemic,,prop_exo,0.2
Histo_34_March23,HH,PSTR,endemic,,degr_symb,1
Histo_34_March23,HH,PSTR,endemic,3,gastro,1
Histo_34_March23,HH,PSTR,endemic,,prop_exo,0.534482759
Histo_34_March23,HH,PSTR,endemic,,degr_symb,1
Histo_34_March23,HH,PSTR,endemic,4,gastro,1
Histo_34_March23,HH,PSTR,endemic,,prop_exo,0.375
Histo_34_March23,HH,PSTR,endemic,,degr_symb,1
Histo_34_March23,HH,PSTR,endemic,5,gastro,1
Histo_34_March23,HH,PSTR,endemic,,prop_exo,0.583333333
Histo_34_March23,HH,PSTR,endemic,,degr_symb,1
Histo_34_March23,HH,PSTR,endemic,,symb_vac,0.727512632
Histo_34_March23,HH,PSTR,endemic,,symb_vac,0.736907228
Histo_34_March23,HH,PSTR,endemic,,symb_vac,0.63149724
Histo_34_March23,HH,PSTR,endemic,,symb_vac,0.722617543
Histo_34_March23,HH,PSTR,endemic,,symb_vac,0.714586347
Histo_34_March23,HH,PSTR,endemic,,symb_vac,0.719759804
Histo_34_March23,HH,PSTR,endemic,,symb_vac,0.687041476
Histo_34_March23,HH,PSTR,endemic,,symb_vac,0.574123989
Histo_34_March23,HH,PSTR,endemic,,symb_vac,0.624866058
Histo_34_March23,HH,PSTR,endemic,,symb_vac,0.658735446
Histo_34_March23,HH,PSTR,endemic,,symb_vac,0.663154802
Histo_34_March23,HH,PSTR,endemic,,symb_vac,0.678935261
Histo_34_March23,HH,PSTR,endemic,,symb_vac,0.809704566
Histo_34_March23,HH,PSTR,endemic,,symb_vac,0.895542627
Histo_34_March23,HH,PSTR,endemic,,symb_vac,0.880316685
Histo_34_March23,HH,PSTR,endemic,,min_symb,15.336
Histo_34_March23,HH,PSTR,endemic,,max_vac,34.784
Histo_34_March23,HH,PSTR,endemic,,avg_symb,20.0322
Histo_34_March23,HH,PSTR,endemic,,avg_vac,28.1932
Histo_35_March23 ,HH,PSTR,endemic,1,gastro,1
Histo_35_March23 ,HH,PSTR,endemic,,prop_exo,0
Histo_35_March23 ,HH,PSTR,endemic,,degr_symb,1
Histo_35_March23 ,HH,PSTR,endemic,2,gastro,1
Histo_35_March23 ,HH,PSTR,endemic,,prop_exo,0.388888889
Histo_35_March23 ,HH,PSTR,endemic,,degr_symb,1
Histo_35_March23 ,HH,PSTR,endemic,3,gastro,1
Histo_35_March23 ,HH,PSTR,endemic,,prop_exo,0.166666667
Histo_35_March23 ,HH,PSTR,endemic,,degr_symb,1
Histo_35_March23 ,HH,PSTR,endemic,4,gastro,0
Histo_35_March23 ,HH,PSTR,endemic,,prop_exo,0.272727273
Histo_35_March23 ,HH,PSTR,endemic,,degr_symb,1
Histo_35_March23 ,HH,PSTR,endemic,5,gastro,1
Histo_35_March23 ,HH,PSTR,endemic,,prop_exo,0.5625
Histo_35_March23 ,HH,PSTR,endemic,,degr_symb,1
Histo_35_March23 ,HH,PSTR,endemic,,symb_vac,0.657293952
Histo_35_March23 ,HH,PSTR,endemic,,symb_vac,0.816764615
Histo_35_March23 ,HH,PSTR,endemic,,symb_vac,0.687362359
Histo_35_March23 ,HH,PSTR,endemic,,symb_vac,0.919028751
Histo_35_March23 ,HH,PSTR,endemic,,symb_vac,0.803580983
Histo_35_March23 ,HH,PSTR,endemic,,symb_vac,0.686986826
Histo_35_March23 ,HH,PSTR,endemic,,symb_vac,0.749026706
Histo_35_March23 ,HH,PSTR,endemic,,symb_vac,0.786662225
Histo_35_March23 ,HH,PSTR,endemic,,symb_vac,0.834173913
Histo_35_March23 ,HH,PSTR,endemic,,symb_vac,0.630624124
Histo_35_March23 ,HH,PSTR,endemic,,symb_vac,0.682968665
Histo_35_March23 ,HH,PSTR,endemic,,symb_vac,0.814960932
Histo_35_March23 ,HH,PSTR,endemic,,symb_vac,0.715802072
Histo_35_March23 ,HH,PSTR,endemic,,symb_vac,0.624623402
Histo_35_March23 ,HH,PSTR,endemic,,symb_vac,0.751995201
Histo_35_March23 ,HH,PSTR,endemic,,min_symb,26.021
Histo_35_March23 ,HH,PSTR,endemic,,max_vac,84.913
Histo_35_March23 ,HH,PSTR,endemic,,avg_symb,39.331
Histo_35_March23 ,HH,PSTR,endemic,,avg_vac,53.088
Histo_36_March23,HH,PSTR,endemic,1,gastro,1
Histo_36_March23,HH,PSTR,endemic,,prop_exo,0.25
Histo_36_March23,HH,PSTR,endemic,,degr_symb,1
Histo_36_March23,HH,PSTR,endemic,2,gastro,1
Histo_36_March23,HH,PSTR,endemic,,prop_exo,0.125
Histo_36_March23,HH,PSTR,endemic,,degr_symb,1
Histo_36_March23,HH,PSTR,endemic,3,gastro,1
Histo_36_March23,HH,PSTR,endemic,,prop_exo,0.333333333
Histo_36_March23,HH,PSTR,endemic,,degr_symb,1
Histo_36_March23,HH,PSTR,endemic,4,gastro,1
Histo_36_March23,HH,PSTR,endemic,,prop_exo,0.214285714
Histo_36_March23,HH,PSTR,endemic,,degr_symb,1
Histo_36_March23,HH,PSTR,endemic,5,gastro,1
Histo_36_March23,HH,PSTR,endemic,,prop_exo,0.2
Histo_36_March23,HH,PSTR,endemic,,degr_symb,1
Histo_36_March23,HH,PSTR,endemic,,symb_vac,0.684643609
Histo_36_March23,HH,PSTR,endemic,,symb_vac,0.752252915
Histo_36_March23,HH,PSTR,endemic,,symb_vac,0.658912563
Histo_36_March23,HH,PSTR,endemic,,symb_vac,0.731153993
Histo_36_March23,HH,PSTR,endemic,,symb_vac,0.833277605
Histo_36_March23,HH,PSTR,endemic,,symb_vac,0.649371641
Histo_36_March23,HH,PSTR,endemic,,symb_vac,0.620728707
Histo_36_March23,HH,PSTR,endemic,,symb_vac,0.694150074
Histo_36_March23,HH,PSTR,endemic,,symb_vac,0.86522133
Histo_36_March23,HH,PSTR,endemic,,symb_vac,0.605409387
Histo_36_March23,HH,PSTR,endemic,,symb_vac,0.753221033
Histo_36_March23,HH,PSTR,endemic,,symb_vac,0.804809925
Histo_36_March23,HH,PSTR,endemic,,symb_vac,0.679953626
Histo_36_March23,HH,PSTR,endemic,,symb_vac,0.721874291
Histo_36_March23,HH,PSTR,endemic,,symb_vac,0.755656109
Histo_36_March23,HH,PSTR,endemic,,min_symb,16.07
Histo_36_March23,HH,PSTR,endemic,,max_vac,55.136
Histo_36_March23,HH,PSTR,endemic,,avg_symb,32.95106667
Histo_36_March23,HH,PSTR,endemic,,avg_vac,45.50246667
Histo_37_March23,DD,PSTR,endemic,1,gastro,1
Histo_37_March23,DD,PSTR,endemic,,prop_exo,0.052631579
Histo_37_March23,DD,PSTR,endemic,,degr_symb,1
Histo_37_March23,DD,PSTR,endemic,2,gastro,1
Histo_37_March23,DD,PSTR,endemic,,prop_exo,0
Histo_37_March23,DD,PSTR,endemic,,degr_symb,1
Histo_37_March23,DD,PSTR,endemic,3,gastro,1
Histo_37_March23,DD,PSTR,endemic,,prop_exo,0.181818182
Histo_37_March23,DD,PSTR,endemic,,degr_symb,1
Histo_37_March23,DD,PSTR,endemic,4,gastro,1
Histo_37_March23,DD,PSTR,endemic,,prop_exo,0
Histo_37_March23,DD,PSTR,endemic,,degr_symb,1
Histo_37_March23,DD,PSTR,endemic,5,gastro,1
Histo_37_March23,DD,PSTR,endemic,,prop_exo,0
Histo_37_March23,DD,PSTR,endemic,,degr_symb,1
Histo_37_March23,DD,PSTR,endemic,,symb_vac,0.472453629
Histo_37_March23,DD,PSTR,endemic,,symb_vac,0.574276756
Histo_37_March23,DD,PSTR,endemic,,symb_vac,0.447564952
Histo_37_March23,DD,PSTR,endemic,,symb_vac,0.572883107
Histo_37_March23,DD,PSTR,endemic,,symb_vac,0.532949674
Histo_37_March23,DD,PSTR,endemic,,symb_vac,0.501486722
Histo_37_March23,DD,PSTR,endemic,,symb_vac,0.597248991
Histo_37_March23,DD,PSTR,endemic,,symb_vac,0.586440736
Histo_37_March23,DD,PSTR,endemic,,symb_vac,0.522393776
Histo_37_March23,DD,PSTR,endemic,,symb_vac,0.591515947
Histo_37_March23,DD,PSTR,endemic,,symb_vac,0.518957538
Histo_37_March23,DD,PSTR,endemic,,symb_vac,0.597993532
Histo_37_March23,DD,PSTR,endemic,,symb_vac,0.50367441
Histo_37_March23,DD,PSTR,endemic,,symb_vac,0.435635295
Histo_37_March23,DD,PSTR,endemic,,symb_vac,0.530083977
Histo_37_March23,DD,PSTR,endemic,,min_symb,20.53
Histo_37_March23,DD,PSTR,endemic,,max_vac,75.713
Histo_37_March23,DD,PSTR,endemic,,avg_symb,31.28593333
Histo_37_March23,DD,PSTR,endemic,,avg_vac,58.71966667
Histo_38_March23,HD,PSTR,endemic,1,gastro,1
Histo_38_March23,HD,PSTR,endemic,,prop_exo,0.038461538
Histo_38_March23,HD,PSTR,endemic,,degr_symb,1
Histo_38_March23,HD,PSTR,endemic,2,gastro,1
Histo_38_March23,HD,PSTR,endemic,,prop_exo,0
Histo_38_March23,HD,PSTR,endemic,,degr_symb,1
Histo_38_March23,HD,PSTR,endemic,3,gastro,1
Histo_38_March23,HD,PSTR,endemic,,prop_exo,0.045454545
Histo_38_March23,HD,PSTR,endemic,,degr_symb,1
Histo_38_March23,HD,PSTR,endemic,4,gastro,1
Histo_38_March23,HD,PSTR,endemic,,prop_exo,0.176470588
Histo_38_March23,HD,PSTR,endemic,,degr_symb,1
Histo_38_March23,HD,PSTR,endemic,5,gastro,1
Histo_38_March23,HD,PSTR,endemic,,prop_exo,0.333333333
Histo_38_March23,HD,PSTR,endemic,,degr_symb,1
Histo_38_March23,HD,PSTR,endemic,,symb_vac,0.528864026
Histo_38_March23,HD,PSTR,endemic,,symb_vac,0.495038423
Histo_38_March23,HD,PSTR,endemic,,symb_vac,0.553760299
Histo_38_March23,HD,PSTR,endemic,,symb_vac,0.381258112
Histo_38_March23,HD,PSTR,endemic,,symb_vac,0.52761036
Histo_38_March23,HD,PSTR,endemic,,symb_vac,0.623814168
Histo_38_March23,HD,PSTR,endemic,,symb_vac,0.551180445
Histo_38_March23,HD,PSTR,endemic,,symb_vac,0.523891208
Histo_38_March23,HD,PSTR,endemic,,symb_vac,0.630244808
Histo_38_March23,HD,PSTR,endemic,,symb_vac,0.523595506
Histo_38_March23,HD,PSTR,endemic,,symb_vac,0.520273571
Histo_38_March23,HD,PSTR,endemic,,symb_vac,0.533673659
Histo_38_March23,HD,PSTR,endemic,,symb_vac,0.509933441
Histo_38_March23,HD,PSTR,endemic,,symb_vac,0.564420836
Histo_38_March23,HD,PSTR,endemic,,symb_vac,0.601205601
Histo_38_March23,HD,PSTR,endemic,,min_symb,16.449
Histo_38_March23,HD,PSTR,endemic,,max_vac,70.129
Histo_38_March23,HD,PSTR,endemic,,avg_symb,27.93386667
Histo_38_March23,HD,PSTR,endemic,,avg_vac,51.66566667
Histo_39_March23,HH,PSTR,endemic,1,gastro,1
Histo_39_March23,HH,PSTR,endemic,,prop_exo,0.037037037
Histo_39_March23,HH,PSTR,endemic,,degr_symb,1
Histo_39_March23,HH,PSTR,endemic,2,gastro,0
Histo_39_March23,HH,PSTR,endemic,,prop_exo,0.1875
Histo_39_March23,HH,PSTR,endemic,,degr_symb,1
Histo_39_March23,HH,PSTR,endemic,3,gastro,1
Histo_39_March23,HH,PSTR,endemic,,prop_exo,0.125
Histo_39_March23,HH,PSTR,endemic,,degr_symb,1
Histo_39_March23,HH,PSTR,endemic,4,gastro,0
Histo_39_March23,HH,PSTR,endemic,,prop_exo,0.25
Histo_39_March23,HH,PSTR,endemic,,degr_symb,1
Histo_39_March23,HH,PSTR,endemic,5,gastro,1
Histo_39_March23,HH,PSTR,endemic,,prop_exo,0.074074074
Histo_39_March23,HH,PSTR,endemic,,degr_symb,1
Histo_39_March23,HH,PSTR,endemic,,symb_vac,0.510957293
Histo_39_March23,HH,PSTR,endemic,,symb_vac,0.53593765
Histo_39_March23,HH,PSTR,endemic,,symb_vac,0.500721208
Histo_39_March23,HH,PSTR,endemic,,symb_vac,0.604582022
Histo_39_March23,HH,PSTR,endemic,,symb_vac,0.534138474
Histo_39_March23,HH,PSTR,endemic,,symb_vac,0.415467428
Histo_39_March23,HH,PSTR,endemic,,symb_vac,0.484093684
Histo_39_March23,HH,PSTR,endemic,,symb_vac,0.469240048
Histo_39_March23,HH,PSTR,endemic,,symb_vac,0.575120374
Histo_39_March23,HH,PSTR,endemic,,symb_vac,0.599051633
Histo_39_March23,HH,PSTR,endemic,,symb_vac,0.489433522
Histo_39_March23,HH,PSTR,endemic,,symb_vac,0.561439577
Histo_39_March23,HH,PSTR,endemic,,symb_vac,0.531106894
Histo_39_March23,HH,PSTR,endemic,,symb_vac,0.614041019
Histo_39_March23,HH,PSTR,endemic,,symb_vac,0.580521935
Histo_39_March23,HH,PSTR,endemic,,min_symb,11.346
Histo_39_March23,HH,PSTR,endemic,,max_vac,69.575
Histo_39_March23,HH,PSTR,endemic,,avg_symb,25.00726667
Histo_39_March23,HH,PSTR,endemic,,avg_vac,46.5448
Histo_40_March23,HD,PSTR,endemic,1,gastro,1
Histo_40_March23,HD,PSTR,endemic,,prop_exo,0
Histo_40_March23,HD,PSTR,endemic,,degr_symb,1
Histo_40_March23,HD,PSTR,endemic,2,gastro,1
Histo_40_March23,HD,PSTR,endemic,,prop_exo,0.181818182
Histo_40_March23,HD,PSTR,endemic,,degr_symb,1
Histo_40_March23,HD,PSTR,endemic,3,gastro,1
Histo_40_March23,HD,PSTR,endemic,,prop_exo,0.225806452
Histo_40_March23,HD,PSTR,endemic,,degr_symb,1
Histo_40_March23,HD,PSTR,endemic,4,gastro,1
Histo_40_March23,HD,PSTR,endemic,,prop_exo,0.2
Histo_40_March23,HD,PSTR,endemic,,degr_symb,1
Histo_40_March23,HD,PSTR,endemic,5,gastro,1
Histo_40_March23,HD,PSTR,endemic,,prop_exo,0
Histo_40_March23,HD,PSTR,endemic,,degr_symb,1
Histo_40_March23,HD,PSTR,endemic,,symb_vac,0.511532367
Histo_40_March23,HD,PSTR,endemic,,symb_vac,0.541999132
Histo_40_March23,HD,PSTR,endemic,,symb_vac,0.590819477
Histo_40_March23,HD,PSTR,endemic,,symb_vac,0.480773555
Histo_40_March23,HD,PSTR,endemic,,symb_vac,0.509788975
Histo_40_March23,HD,PSTR,endemic,,symb_vac,0.679643424
Histo_40_March23,HD,PSTR,endemic,,symb_vac,0.751229691
Histo_40_March23,HD,PSTR,endemic,,symb_vac,0.585468012
Histo_40_March23,HD,PSTR,endemic,,symb_vac,0.55154687
Histo_40_March23,HD,PSTR,endemic,,symb_vac,0.492979748
Histo_40_March23,HD,PSTR,endemic,,symb_vac,0.663201663
Histo_40_March23,HD,PSTR,endemic,,symb_vac,0.435961809
Histo_40_March23,HD,PSTR,endemic,,symb_vac,0.562073394
Histo_40_March23,HD,PSTR,endemic,,symb_vac,0.588001253
Histo_40_March23,HD,PSTR,endemic,,symb_vac,0.486141082
Histo_40_March23,HD,PSTR,endemic,,min_symb,19.242
Histo_40_March23,HD,PSTR,endemic,,max_vac,61.836
Histo_40_March23,HD,PSTR,endemic,,avg_symb,30.04426667
Histo_40_March23,HD,PSTR,endemic,,avg_vac,53.42186667
Histo_41_March23,DD,PSTR,endemic,1,gastro,1
Histo_41_March23,DD,PSTR,endemic,,prop_exo,0.208333333
Histo_41_March23,DD,PSTR,endemic,,degr_symb,1
Histo_41_March23,DD,PSTR,endemic,2,gastro,0
Histo_41_March23,DD,PSTR,endemic,,prop_exo,0.066666667
Histo_41_March23,DD,PSTR,endemic,,degr_symb,1
Histo_41_March23,DD,PSTR,endemic,3,gastro,1
Histo_41_March23,DD,PSTR,endemic,,prop_exo,0
Histo_41_March23,DD,PSTR,endemic,,degr_symb,1
Histo_41_March23,DD,PSTR,endemic,4,gastro,1
Histo_41_March23,DD,PSTR,endemic,,prop_exo,0.25
Histo_41_March23,DD,PSTR,endemic,,degr_symb,1
Histo_41_March23,DD,PSTR,endemic,5,gastro,1
Histo_41_March23,DD,PSTR,endemic,,prop_exo,0.333333333
Histo_41_March23,DD,PSTR,endemic,,degr_symb,1
Histo_41_March23,DD,PSTR,endemic,,symb_vac,0.60954703
Histo_41_March23,DD,PSTR,endemic,,symb_vac,0.563721137
Histo_41_March23,DD,PSTR,endemic,,symb_vac,0.567282151
Histo_41_March23,DD,PSTR,endemic,,symb_vac,0.563859717
Histo_41_March23,DD,PSTR,endemic,,symb_vac,0.646109463
Histo_41_March23,DD,PSTR,endemic,,symb_vac,0.657650269
Histo_41_March23,DD,PSTR,endemic,,symb_vac,0.625547697
Histo_41_March23,DD,PSTR,endemic,,symb_vac,0.516219119
Histo_41_March23,DD,PSTR,endemic,,symb_vac,0.481592368
Histo_41_March23,DD,PSTR,endemic,,symb_vac,0.662926844
Histo_41_March23,DD,PSTR,endemic,,symb_vac,0.506105834
Histo_41_March23,DD,PSTR,endemic,,symb_vac,0.736681548
Histo_41_March23,DD,PSTR,endemic,,symb_vac,0.481220014
Histo_41_March23,DD,PSTR,endemic,,symb_vac,0.604961268
Histo_41_March23,DD,PSTR,endemic,,symb_vac,0.655930683
Histo_41_March23,DD,PSTR,endemic,,min_symb,18.981
Histo_41_March23,DD,PSTR,endemic,,max_vac,67.472
Histo_41_March23,DD,PSTR,endemic,,avg_symb,29.83153333
Histo_41_March23,DD,PSTR,endemic,,avg_vac,50.21373333
Histo_42_March23,HH,PSTR,endemic,1,gastro,1
Histo_42_March23,HH,PSTR,endemic,,prop_exo,0.153846154
Histo_42_March23,HH,PSTR,endemic,,degr_symb,1
Histo_42_March23,HH,PSTR,endemic,2,gastro,1
Histo_42_March23,HH,PSTR,endemic,,prop_exo,0.15
Histo_42_March23,HH,PSTR,endemic,,degr_symb,1
Histo_42_March23,HH,PSTR,endemic,3,gastro,1
Histo_42_March23,HH,PSTR,endemic,,prop_exo,0.25
Histo_42_March23,HH,PSTR,endemic,,degr_symb,1
Histo_42_March23,HH,PSTR,endemic,4,gastro,0
Histo_42_March23,HH,PSTR,endemic,,prop_exo,0.333333333
Histo_42_March23,HH,PSTR,endemic,,degr_symb,1
Histo_42_March23,HH,PSTR,endemic,5,gastro,1
Histo_42_March23,HH,PSTR,endemic,,prop_exo,0.214285714
Histo_42_March23,HH,PSTR,endemic,,degr_symb,1
Histo_42_March23,HH,PSTR,endemic,,symb_vac,0.67480486
Histo_42_March23,HH,PSTR,endemic,,symb_vac,0.593556348
Histo_42_March23,HH,PSTR,endemic,,symb_vac,0.612246324
Histo_42_March23,HH,PSTR,endemic,,symb_vac,0.550650558
Histo_42_March23,HH,PSTR,endemic,,symb_vac,0.54850372
Histo_42_March23,HH,PSTR,endemic,,symb_vac,0.647782648
Histo_42_March23,HH,PSTR,endemic,,symb_vac,0.520116105
Histo_42_March23,HH,PSTR,endemic,,symb_vac,0.550743679
Histo_42_March23,HH,PSTR,endemic,,symb_vac,0.402146926
Histo_42_March23,HH,PSTR,endemic,,symb_vac,0.650679515
Histo_42_March23,HH,PSTR,endemic,,symb_vac,0.552212049
Histo_42_March23,HH,PSTR,endemic,,symb_vac,0.567896893
Histo_42_March23,HH,PSTR,endemic,,symb_vac,0.562458135
Histo_42_March23,HH,PSTR,endemic,,symb_vac,0.557688664
Histo_42_March23,HH,PSTR,endemic,,symb_vac,0.575020527
Histo_42_March23,HH,PSTR,endemic,,min_symb,21.861
Histo_42_March23,HH,PSTR,endemic,,max_vac,74.554
Histo_42_March23,HH,PSTR,endemic,,avg_symb,30.92813333
Histo_42_March23,HH,PSTR,endemic,,avg_vac,53.95566667
Histo_43_March23,HD,PSTR,endemic,1,gastro,1
Histo_43_March23,HD,PSTR,endemic,,prop_exo,0
Histo_43_March23,HD,PSTR,endemic,,degr_symb,1
Histo_43_March23,HD,PSTR,endemic,2,gastro,1
Histo_43_March23,HD,PSTR,endemic,,prop_exo,0.208333333
Histo_43_March23,HD,PSTR,endemic,,degr_symb,1
Histo_43_March23,HD,PSTR,endemic,3,gastro,1
Histo_43_March23,HD,PSTR,endemic,,prop_exo,0.0625
Histo_43_March23,HD,PSTR,endemic,,degr_symb,1
Histo_43_March23,HD,PSTR,endemic,4,gastro,0
Histo_43_March23,HD,PSTR,endemic,,prop_exo,0.12
Histo_43_March23,HD,PSTR,endemic,,degr_symb,1
Histo_43_March23,HD,PSTR,endemic,5,gastro,1
Histo_43_March23,HD,PSTR,endemic,,prop_exo,0.105263158
Histo_43_March23,HD,PSTR,endemic,,degr_symb,1
Histo_43_March23,HD,PSTR,endemic,,symb_vac,0.608269387
Histo_43_March23,HD,PSTR,endemic,,symb_vac,0.530382035
Histo_43_March23,HD,PSTR,endemic,,symb_vac,0.591103595
Histo_43_March23,HD,PSTR,endemic,,symb_vac,0.579305435
Histo_43_March23,HD,PSTR,endemic,,symb_vac,0.49579197
Histo_43_March23,HD,PSTR,endemic,,symb_vac,0.489715642
Histo_43_March23,HD,PSTR,endemic,,symb_vac,0.529151607
Histo_43_March23,HD,PSTR,endemic,,symb_vac,0.562104788
Histo_43_March23,HD,PSTR,endemic,,symb_vac,0.500532916
Histo_43_March23,HD,PSTR,endemic,,symb_vac,0.594812266
Histo_43_March23,HD,PSTR,endemic,,symb_vac,0.478475425
Histo_43_March23,HD,PSTR,endemic,,symb_vac,0.587892142
Histo_43_March23,HD,PSTR,endemic,,symb_vac,0.576708582
Histo_43_March23,HD,PSTR,endemic,,symb_vac,0.641120943
Histo_43_March23,HD,PSTR,endemic,,symb_vac,0.490211672
Histo_43_March23,HD,PSTR,endemic,,min_symb,22.072
Histo_43_March23,HD,PSTR,endemic,,max_vac,68.005
Histo_43_March23,HD,PSTR,endemic,,avg_symb,29.66946667
Histo_43_March23,HD,PSTR,endemic,,avg_vac,53.72973333
Histo_44_March23,DD,PSTR,endemic,1,gastro,1
Histo_44_March23,DD,PSTR,endemic,,prop_exo,0.090909091
Histo_44_March23,DD,PSTR,endemic,,degr_symb,1
Histo_44_March23,DD,PSTR,endemic,2,gastro,1
Histo_44_March23,DD,PSTR,endemic,,prop_exo,0.291666667
Histo_44_March23,DD,PSTR,endemic,,degr_symb,1
Histo_44_March23,DD,PSTR,endemic,3,gastro,1
Histo_44_March23,DD,PSTR,endemic,,prop_exo,0.2
Histo_44_March23,DD,PSTR,endemic,,degr_symb,1
Histo_44_March23,DD,PSTR,endemic,4,gastro,0
Histo_44_March23,DD,PSTR,endemic,,prop_exo,0.142857143
Histo_44_March23,DD,PSTR,endemic,,degr_symb,1
Histo_44_March23,DD,PSTR,endemic,5,gastro,0
Histo_44_March23,DD,PSTR,endemic,,prop_exo,0
Histo_44_March23,DD,PSTR,endemic,,degr_symb,1
Histo_44_March23,DD,PSTR,endemic,,symb_vac,0.628339589
Histo_44_March23,DD,PSTR,endemic,,symb_vac,0.66978848
Histo_44_March23,DD,PSTR,endemic,,symb_vac,0.603811222
Histo_44_March23,DD,PSTR,endemic,,symb_vac,0.515090751
Histo_44_March23,DD,PSTR,endemic,,symb_vac,0.514313641
Histo_44_March23,DD,PSTR,endemic,,symb_vac,0.54368165
Histo_44_March23,DD,PSTR,endemic,,symb_vac,0.706101326
Histo_44_March23,DD,PSTR,endemic,,symb_vac,0.736055479
Histo_44_March23,DD,PSTR,endemic,,symb_vac,0.619455598
Histo_44_March23,DD,PSTR,endemic,,symb_vac,0.591732886
Histo_44_March23,DD,PSTR,endemic,,symb_vac,0.646525431
Histo_44_March23,DD,PSTR,endemic,,symb_vac,0.476193999
Histo_44_March23,DD,PSTR,endemic,,symb_vac,0.542385769
Histo_44_March23,DD,PSTR,endemic,,symb_vac,0.535450161
Histo_44_March23,DD,PSTR,endemic,,symb_vac,0.549854578
Histo_44_March23,DD,PSTR,endemic,,min_symb,19.313
Histo_44_March23,DD,PSTR,endemic,,max_vac,69.705
Histo_44_March23,DD,PSTR,endemic,,avg_symb,30.07066667
Histo_44_March23,DD,PSTR,endemic,,avg_vac,50.7838
Histo_45_March23,HD,PSTR,endemic,1,gastro,1
Histo_45_March23,HD,PSTR,endemic,,prop_exo,0.214285714
Histo_45_March23,HD,PSTR,endemic,,degr_symb,1
Histo_45_March23,HD,PSTR,endemic,2,gastro,1
Histo_45_March23,HD,PSTR,endemic,,prop_exo,0.142857143
Histo_45_March23,HD,PSTR,endemic,,degr_symb,1
Histo_45_March23,HD,PSTR,endemic,3,gastro,1
Histo_45_March23,HD,PSTR,endemic,,prop_exo,0.086956522
Histo_45_March23,HD,PSTR,endemic,,degr_symb,1
Histo_45_March23,HD,PSTR,endemic,4,gastro,0
Histo_45_March23,HD,PSTR,endemic,,prop_exo,0
Histo_45_March23,HD,PSTR,endemic,,degr_symb,1
Histo_45_March23,HD,PSTR,endemic,5,gastro,1
Histo_45_March23,HD,PSTR,endemic,,prop_exo,0
Histo_45_March23,HD,PSTR,endemic,,degr_symb,1
Histo_45_March23,HD,PSTR,endemic,,symb_vac,0.568881586
Histo_45_March23,HD,PSTR,endemic,,symb_vac,0.597559882
Histo_45_March23,HD,PSTR,endemic,,symb_vac,0.587858646
Histo_45_March23,HD,PSTR,endemic,,symb_vac,0.563703508
Histo_45_March23,HD,PSTR,endemic,,symb_vac,0.670336264
Histo_45_March23,HD,PSTR,endemic,,symb_vac,0.576855887
Histo_45_March23,HD,PSTR,endemic,,symb_vac,0.586507822
Histo_45_March23,HD,PSTR,endemic,,symb_vac,0.571496014
Histo_45_March23,HD,PSTR,endemic,,symb_vac,0.605893605
Histo_45_March23,HD,PSTR,endemic,,symb_vac,0.615560684
Histo_45_March23,HD,PSTR,endemic,,symb_vac,0.562737567
Histo_45_March23,HD,PSTR,endemic,,symb_vac,0.69998197
Histo_45_March23,HD,PSTR,endemic,,symb_vac,0.62400775
Histo_45_March23,HD,PSTR,endemic,,symb_vac,0.639323998
Histo_45_March23,HD,PSTR,endemic,,symb_vac,0.573777688
Histo_45_March23,HD,PSTR,endemic,,min_symb,23.19
Histo_45_March23,HD,PSTR,endemic,,max_vac,59.232
Histo_45_March23,HD,PSTR,endemic,,avg_symb,30.26386667
Histo_45_March23,HD,PSTR,endemic,,avg_vac,50.35346667
Histo_46_March23,DD,OFRA,endemic,1,gastro,1
Histo_46_March23,DD,OFRA,endemic,,prop_exo,0.444444444
Histo_46_March23,DD,OFRA,endemic,,degr_symb,1
Histo_46_March23,DD,OFRA,endemic,2,gastro,1
Histo_46_March23,DD,OFRA,endemic,,prop_exo,0.263157895
Histo_46_March23,DD,OFRA,endemic,,degr_symb,1
Histo_46_March23,DD,OFRA,endemic,3,gastro,1
Histo_46_March23,DD,OFRA,endemic,,prop_exo,0.571428571
Histo_46_March23,DD,OFRA,endemic,,degr_symb,1
Histo_46_March23,DD,OFRA,endemic,4,gastro,0
Histo_46_March23,DD,OFRA,endemic,,prop_exo,0.137931034
Histo_46_March23,DD,OFRA,endemic,,degr_symb,1
Histo_46_March23,DD,OFRA,endemic,5,gastro,1
Histo_46_March23,DD,OFRA,endemic,,prop_exo,0.217391304
Histo_46_March23,DD,OFRA,endemic,,degr_symb,1
Histo_46_March23,DD,OFRA,endemic,,symb_vac,0.521221394
Histo_46_March23,DD,OFRA,endemic,,symb_vac,0.519303318
Histo_46_March23,DD,OFRA,endemic,,symb_vac,0.458934568
Histo_46_March23,DD,OFRA,endemic,,symb_vac,0.467406757
Histo_46_March23,DD,OFRA,endemic,,symb_vac,0.60090464
Histo_46_March23,DD,OFRA,endemic,,symb_vac,0.489158923
Histo_46_March23,DD,OFRA,endemic,,symb_vac,0.614877287
Histo_46_March23,DD,OFRA,endemic,,symb_vac,0.562930078
Histo_46_March23,DD,OFRA,endemic,,symb_vac,0.654555905
Histo_46_March23,DD,OFRA,endemic,,symb_vac,0.569038071
Histo_46_March23,DD,OFRA,endemic,,symb_vac,0.493296928
Histo_46_March23,DD,OFRA,endemic,,symb_vac,0.516121778
Histo_46_March23,DD,OFRA,endemic,,symb_vac,0.565890662
Histo_46_March23,DD,OFRA,endemic,,symb_vac,0.730183586
Histo_46_March23,DD,OFRA,endemic,,symb_vac,0.617600498
Histo_46_March23,DD,OFRA,endemic,,min_symb,14.371
Histo_46_March23,DD,OFRA,endemic,,max_vac,48.717
Histo_46_March23,DD,OFRA,endemic,,avg_symb,23.00086667
Histo_46_March23,DD,OFRA,endemic,,avg_vac,40.81386667
Histo_47_March23,DD,PSTR,endemic,1,gastro,1
Histo_47_March23,DD,PSTR,endemic,,prop_exo,0.130434783
Histo_47_March23,DD,PSTR,endemic,,degr_symb,1
Histo_47_March23,DD,PSTR,endemic,2,gastro,1
Histo_47_March23,DD,PSTR,endemic,,prop_exo,0.266666667
Histo_47_March23,DD,PSTR,endemic,,degr_symb,1
Histo_47_March23,DD,PSTR,endemic,3,gastro,1
Histo_47_March23,DD,PSTR,endemic,,prop_exo,0.230769231
Histo_47_March23,DD,PSTR,endemic,,degr_symb,1
Histo_47_March23,DD,PSTR,endemic,4,gastro,1
Histo_47_March23,DD,PSTR,endemic,,prop_exo,0.166666667
Histo_47_March23,DD,PSTR,endemic,,degr_symb,1
Histo_47_March23,DD,PSTR,endemic,5,gastro,1
Histo_47_March23,DD,PSTR,endemic,,prop_exo,0.153846154
Histo_47_March23,DD,PSTR,endemic,,degr_symb,1
Histo_47_March23,DD,PSTR,endemic,,symb_vac,0.562066558
Histo_47_March23,DD,PSTR,endemic,,symb_vac,0.465250195
Histo_47_March23,DD,PSTR,endemic,,symb_vac,0.704809814
Histo_47_March23,DD,PSTR,endemic,,symb_vac,0.610645273
Histo_47_March23,DD,PSTR,endemic,,symb_vac,0.514021087
Histo_47_March23,DD,PSTR,endemic,,symb_vac,0.67151637
Histo_47_March23,DD,PSTR,endemic,,symb_vac,0.540413798
Histo_47_March23,DD,PSTR,endemic,,symb_vac,0.584212993
Histo_47_March23,DD,PSTR,endemic,,symb_vac,0.532820332
Histo_47_March23,DD,PSTR,endemic,,symb_vac,0.655921842
Histo_47_March23,DD,PSTR,endemic,,symb_vac,0.635209985
Histo_47_March23,DD,PSTR,endemic,,symb_vac,0.581996294
Histo_47_March23,DD,PSTR,endemic,,symb_vac,0.495246818
Histo_47_March23,DD,PSTR,endemic,,symb_vac,0.489643862
Histo_47_March23,DD,PSTR,endemic,,symb_vac,0.512768146
Histo_47_March23,DD,PSTR,endemic,,min_symb,24.152
Histo_47_March23,DD,PSTR,endemic,,max_vac,65.123
Histo_47_March23,DD,PSTR,endemic,,avg_symb,31.454
Histo_47_March23,DD,PSTR,endemic,,avg_vac,55.31526667
Histo_48_March23,HD,OFRA,endemic,1,gastro,0
Histo_48_March23,HD,OFRA,endemic,,prop_exo,0.222222222
Histo_48_March23,HD,OFRA,endemic,,degr_symb,1
Histo_48_March23,HD,OFRA,endemic,2,gastro,1
Histo_48_March23,HD,OFRA,endemic,,prop_exo,0.19047619
Histo_48_March23,HD,OFRA,endemic,,degr_symb,1
Histo_48_March23,HD,OFRA,endemic,3,gastro,1
Histo_48_March23,HD,OFRA,endemic,,prop_exo,0.4
Histo_48_March23,HD,OFRA,endemic,,degr_symb,1
Histo_48_March23,HD,OFRA,endemic,4,gastro,1
Histo_48_March23,HD,OFRA,endemic,,prop_exo,0.142857143
Histo_48_March23,HD,OFRA,endemic,,degr_symb,1
Histo_48_March23,HD,OFRA,endemic,5,gastro,1
Histo_48_March23,HD,OFRA,endemic,,prop_exo,0.076923077
Histo_48_March23,HD,OFRA,endemic,,degr_symb,1
Histo_48_March23,HD,OFRA,endemic,,symb_vac,0.60656712
Histo_48_March23,HD,OFRA,endemic,,symb_vac,0.580796375
Histo_48_March23,HD,OFRA,endemic,,symb_vac,0.522979645
Histo_48_March23,HD,OFRA,endemic,,symb_vac,0.633942709
Histo_48_March23,HD,OFRA,endemic,,symb_vac,0.515480786
Histo_48_March23,HD,OFRA,endemic,,symb_vac,0.562746937
Histo_48_March23,HD,OFRA,endemic,,symb_vac,0.555910649
Histo_48_March23,HD,OFRA,endemic,,symb_vac,0.55141129
Histo_48_March23,HD,OFRA,endemic,,symb_vac,0.694107211
Histo_48_March23,HD,OFRA,endemic,,symb_vac,0.494761952
Histo_48_March23,HD,OFRA,endemic,,symb_vac,0.559499909
Histo_48_March23,HD,OFRA,endemic,,symb_vac,0.548642083
Histo_48_March23,HD,OFRA,endemic,,symb_vac,0.61912001
Histo_48_March23,HD,OFRA,endemic,,symb_vac,0.559464316
Histo_48_March23,HD,OFRA,endemic,,symb_vac,0.517059339
Histo_48_March23,HD,OFRA,endemic,,min_symb,16.699
Histo_48_March23,HD,OFRA,endemic,,max_vac,55.158
Histo_48_March23,HD,OFRA,endemic,,avg_symb,23.40326667
Histo_48_March23,HD,OFRA,endemic,,avg_vac,41.3748
Histo_49_March23,HH,OFRA,endemic,1,gastro,0
Histo_49_March23,HH,OFRA,endemic,,prop_exo,0.086956522
Histo_49_March23,HH,OFRA,endemic,,degr_symb,1
Histo_49_March23,HH,OFRA,endemic,2,gastro,1
Histo_49_March23,HH,OFRA,endemic,,prop_exo,0.1
Histo_49_March23,HH,OFRA,endemic,,degr_symb,1
Histo_49_March23,HH,OFRA,endemic,3,gastro,1
Histo_49_March23,HH,OFRA,endemic,,prop_exo,0.259259259
Histo_49_March23,HH,OFRA,endemic,,degr_symb,1
Histo_49_March23,HH,OFRA,endemic,4,gastro,1
Histo_49_March23,HH,OFRA,endemic,,prop_exo,0.230769231
Histo_49_March23,HH,OFRA,endemic,,degr_symb,1
Histo_49_March23,HH,OFRA,endemic,5,gastro,1
Histo_49_March23,HH,OFRA,endemic,,prop_exo,0.137931034
Histo_49_March23,HH,OFRA,endemic,,degr_symb,1
Histo_49_March23,HH,OFRA,endemic,,symb_vac,0.696165384
Histo_49_March23,HH,OFRA,endemic,,symb_vac,0.563777048
Histo_49_March23,HH,OFRA,endemic,,symb_vac,0.719828624
Histo_49_March23,HH,OFRA,endemic,,symb_vac,0.597135751
Histo_49_March23,HH,OFRA,endemic,,symb_vac,0.474344185
Histo_49_March23,HH,OFRA,endemic,,symb_vac,0.594195912
Histo_49_March23,HH,OFRA,endemic,,symb_vac,0.600541934
Histo_49_March23,HH,OFRA,endemic,,symb_vac,0.542056845
Histo_49_March23,HH,OFRA,endemic,,symb_vac,0.556905108
Histo_49_March23,HH,OFRA,endemic,,symb_vac,0.651175566
Histo_49_March23,HH,OFRA,endemic,,symb_vac,0.640957388
Histo_49_March23,HH,OFRA,endemic,,symb_vac,0.506661406
Histo_49_March23,HH,OFRA,endemic,,symb_vac,0.557199285
Histo_49_March23,HH,OFRA,endemic,,symb_vac,0.630381494
Histo_49_March23,HH,OFRA,endemic,,symb_vac,0.631578947
Histo_49_March23,HH,OFRA,endemic,,min_symb,19.739
Histo_49_March23,HH,OFRA,endemic,,max_vac,66.749
Histo_49_March23,HH,OFRA,endemic,,avg_symb,27.26133333
Histo_49_March23,HH,OFRA,endemic,,avg_vac,46.08866667