ID,TRUE_sample_health,worded_health,species,photo,measurement,value
Histo_1,WHD,HD,OFRA,1,gastro,1
Histo_1,WHD,HD,OFRA,,prop_exo,0.230769231
Histo_1,WHD,HD,OFRA,,degr_symb,1
Histo_1,WHD,HD,OFRA,2,gastro,1
Histo_1,WHD,HD,OFRA,,prop_exo,0.210526316
Histo_1,WHD,HD,OFRA,,degr_symb,1
Histo_1,WHD,HD,OFRA,3,gastro,1
Histo_1,WHD,HD,OFRA,,prop_exo,0.04
Histo_1,WHD,HD,OFRA,,degr_symb,1
Histo_1,WHD,HD,OFRA,4,gastro,1
Histo_1,WHD,HD,OFRA,,prop_exo,0.166666667
Histo_1,WHD,HD,OFRA,,degr_symb,1
Histo_1,WHD,HD,OFRA,5,gastro,0
Histo_1,WHD,HD,OFRA,,prop_exo,0.117647059
Histo_1,WHD,HD,OFRA,,degr_symb,1
Histo_1,WHD,HD,OFRA,,symb_vac,0.583155228
Histo_1,WHD,HD,OFRA,,symb_vac,0.55026685
Histo_1,WHD,HD,OFRA,,symb_vac,0.586858842
Histo_1,WHD,HD,OFRA,,symb_vac,0.666074647
Histo_1,WHD,HD,OFRA,,symb_vac,0.736574784
Histo_1,WHD,HD,OFRA,,symb_vac,0.523765179
Histo_1,WHD,HD,OFRA,,symb_vac,0.55699187
Histo_1,WHD,HD,OFRA,,symb_vac,0.664378471
Histo_1,WHD,HD,OFRA,,symb_vac,0.595745011
Histo_1,WHD,HD,OFRA,,symb_vac,0.506759703
Histo_1,WHD,HD,OFRA,,symb_vac,0.572613714
Histo_1,WHD,HD,OFRA,,symb_vac,0.559931945
Histo_1,WHD,HD,OFRA,,symb_vac,0.618206589
Histo_1,WHD,HD,OFRA,,symb_vac,0.651462525
Histo_1,WHD,HD,OFRA,,symb_vac,0.663337045
Histo_1,WHD,HD,OFRA,,min_symb,27.036
Histo_1,WHD,HD,OFRA,,max_vac,86.1
Histo_1,WHD,HD,OFRA,,avg_symb,38.873
Histo_1,WHD,HD,OFRA,,avg_vac,64.614
Histo_2,WHD,HD,OFRA,1,gastro,1
Histo_2,WHD,HD,OFRA,,prop_exo,=2/24'
Histo_2,WHD,HD,OFRA,,degr_symb,1
Histo_2,WHD,HD,OFRA,2,gastro,0
Histo_2,WHD,HD,OFRA,,prop_exo,0.090909091
Histo_2,WHD,HD,OFRA,,degr_symb,1
Histo_2,WHD,HD,OFRA,3,gastro,0
Histo_2,WHD,HD,OFRA,,prop_exo,0.181818182
Histo_2,WHD,HD,OFRA,,degr_symb,1
Histo_2,WHD,HD,OFRA,4,gastro,1
Histo_2,WHD,HD,OFRA,,prop_exo,0.238095238
Histo_2,WHD,HD,OFRA,,degr_symb,1
Histo_2,WHD,HD,OFRA,5,gastro,0
Histo_2,WHD,HD,OFRA,,prop_exo,0.111111111
Histo_2,WHD,HD,OFRA,,degr_symb,1
Histo_2,WHD,HD,OFRA,,symb_vac,0.742620699
Histo_2,WHD,HD,OFRA,,symb_vac,0.966021127
Histo_2,WHD,HD,OFRA,,symb_vac,0.751412799
Histo_2,WHD,HD,OFRA,,symb_vac,0.660134222
Histo_2,WHD,HD,OFRA,,symb_vac,0.756291701
Histo_2,WHD,HD,OFRA,,symb_vac,0.871310891
Histo_2,WHD,HD,OFRA,,symb_vac,0.693287817
Histo_2,WHD,HD,OFRA,,symb_vac,0.787864166
Histo_2,WHD,HD,OFRA,,symb_vac,0.834852318
Histo_2,WHD,HD,OFRA,,symb_vac,0.560149545
Histo_2,WHD,HD,OFRA,,symb_vac,0.695261234
Histo_2,WHD,HD,OFRA,,symb_vac,0.778860891
Histo_2,WHD,HD,OFRA,,symb_vac,0.78152846
Histo_2,WHD,HD,OFRA,,symb_vac,0.77371204
Histo_2,WHD,HD,OFRA,,symb_vac,0.804447884
Histo_2,WHD,HD,OFRA,,min_symb,26.124
Histo_2,WHD,HD,OFRA,,max_vac,59.694
Histo_2,WHD,HD,OFRA,,avg_symb,34.26886667
Histo_2,WHD,HD,OFRA,,avg_vac,45.32086667
Histo_3,WDD,DD,OFRA,1,gastro,1
Histo_3,WDD,DD,OFRA,,prop_exo,0.166666667
Histo_3,WDD,DD,OFRA,,degr_symb,1
Histo_3,WDD,DD,OFRA,2,gastro,1
Histo_3,WDD,DD,OFRA,,prop_exo,0.2
Histo_3,WDD,DD,OFRA,,degr_symb,1
Histo_3,WDD,DD,OFRA,3,gastro,0
Histo_3,WDD,DD,OFRA,,prop_exo,0
Histo_3,WDD,DD,OFRA,,degr_symb,1
Histo_3,WDD,DD,OFRA,4,gastro,1
Histo_3,WDD,DD,OFRA,,prop_exo,0.555555556
Histo_3,WDD,DD,OFRA,,degr_symb,1
Histo_3,WDD,DD,OFRA,5,gastro,1
Histo_3,WDD,DD,OFRA,,prop_exo,0.2
Histo_3,WDD,DD,OFRA,,degr_symb,1
Histo_3,WDD,DD,OFRA,,symb_vac,0.554669131
Histo_3,WDD,DD,OFRA,,symb_vac,0.516225685
Histo_3,WDD,DD,OFRA,,symb_vac,0.558817292
Histo_3,WDD,DD,OFRA,,symb_vac,0.554482944
Histo_3,WDD,DD,OFRA,,symb_vac,0.523010516
Histo_3,WDD,DD,OFRA,,symb_vac,0.520757274
Histo_3,WDD,DD,OFRA,,symb_vac,0.635235887
Histo_3,WDD,DD,OFRA,,symb_vac,0.704236185
Histo_3,WDD,DD,OFRA,,symb_vac,0.62697429
Histo_3,WDD,DD,OFRA,,symb_vac,0.510369129
Histo_3,WDD,DD,OFRA,,symb_vac,0.533345282
Histo_3,WDD,DD,OFRA,,symb_vac,0.556006258
Histo_3,WDD,DD,OFRA,,symb_vac,0.587676116
Histo_3,WDD,DD,OFRA,,symb_vac,0.553046834
Histo_3,WDD,DD,OFRA,,symb_vac,0.520838411
Histo_3,WDD,DD,OFRA,,min_symb,22.398
Histo_3,WDD,DD,OFRA,,max_vac,87.074
Histo_3,WDD,DD,OFRA,,avg_symb,38.08
Histo_3,WDD,DD,OFRA,,avg_vac,67.2556
Histo_4,WDD,DD,OFRA,1,gastro,1
Histo_4,WDD,DD,OFRA,,prop_exo,0
Histo_4,WDD,DD,OFRA,,degr_symb,1
Histo_4,WDD,DD,OFRA,2,gastro,1
Histo_4,WDD,DD,OFRA,,prop_exo,0.066666667
Histo_4,WDD,DD,OFRA,,degr_symb,1
Histo_4,WDD,DD,OFRA,3,gastro,1
Histo_4,WDD,DD,OFRA,,prop_exo,0
Histo_4,WDD,DD,OFRA,,degr_symb,1
Histo_4,WDD,DD,OFRA,4,gastro,1
Histo_4,WDD,DD,OFRA,,prop_exo,0.323529412
Histo_4,WDD,DD,OFRA,,degr_symb,1
Histo_4,WDD,DD,OFRA,5,gastro,1
Histo_4,WDD,DD,OFRA,,prop_exo,0
Histo_4,WDD,DD,OFRA,,degr_symb,1
Histo_4,WDD,DD,OFRA,,symb_vac,0.391036051
Histo_4,WDD,DD,OFRA,,symb_vac,0.485857424
Histo_4,WDD,DD,OFRA,,symb_vac,0.547379217
Histo_4,WDD,DD,OFRA,,symb_vac,0.595391309
Histo_4,WDD,DD,OFRA,,symb_vac,0.74986192
Histo_4,WDD,DD,OFRA,,symb_vac,0.485432676
Histo_4,WDD,DD,OFRA,,symb_vac,0.558458313
Histo_4,WDD,DD,OFRA,,symb_vac,0.547120213
Histo_4,WDD,DD,OFRA,,symb_vac,0.61201085
Histo_4,WDD,DD,OFRA,,symb_vac,0.629137289
Histo_4,WDD,DD,OFRA,,symb_vac,0.52414585
Histo_4,WDD,DD,OFRA,,symb_vac,0.580469412
Histo_4,WDD,DD,OFRA,,symb_vac,0.634644255
Histo_4,WDD,DD,OFRA,,symb_vac,0.684758289
Histo_4,WDD,DD,OFRA,,symb_vac,0.534756549
Histo_4,WDD,DD,OFRA,,min_symb,21.672
Histo_4,WDD,DD,OFRA,,max_vac,69.277
Histo_4,WDD,DD,OFRA,,avg_symb,34.53813333
Histo_4,WDD,DD,OFRA,,avg_vac,60.0794
Histo_5,WHH,HH,OFRA,1,gastro,1
Histo_5,WHH,HH,OFRA,,prop_exo,0.176470588
Histo_5,WHH,HH,OFRA,,degr_symb,1
Histo_5,WHH,HH,OFRA,2,gastro,1
Histo_5,WHH,HH,OFRA,,prop_exo,0
Histo_5,WHH,HH,OFRA,,degr_symb,1
Histo_5,WHH,HH,OFRA,3,gastro,1
Histo_5,WHH,HH,OFRA,,prop_exo,0.625
Histo_5,WHH,HH,OFRA,,degr_symb,1
Histo_5,WHH,HH,OFRA,4,gastro,1
Histo_5,WHH,HH,OFRA,,prop_exo,0.058823529
Histo_5,WHH,HH,OFRA,,degr_symb,1
Histo_5,WHH,HH,OFRA,5,gastro,1
Histo_5,WHH,HH,OFRA,,prop_exo,0.076923077
Histo_5,WHH,HH,OFRA,,degr_symb,1
Histo_5,WHH,HH,OFRA,,symb_vac,0.555235802
Histo_5,WHH,HH,OFRA,,symb_vac,0.583940253
Histo_5,WHH,HH,OFRA,,symb_vac,0.60973417
Histo_5,WHH,HH,OFRA,,symb_vac,0.494044425
Histo_5,WHH,HH,OFRA,,symb_vac,0.570088706
Histo_5,WHH,HH,OFRA,,symb_vac,0.572856348
Histo_5,WHH,HH,OFRA,,symb_vac,0.662286649
Histo_5,WHH,HH,OFRA,,symb_vac,0.69514165
Histo_5,WHH,HH,OFRA,,symb_vac,0.580116915
Histo_5,WHH,HH,OFRA,,symb_vac,0.537357555
Histo_5,WHH,HH,OFRA,,symb_vac,0.527088792
Histo_5,WHH,HH,OFRA,,symb_vac,0.618568377
Histo_5,WHH,HH,OFRA,,symb_vac,0.658871535
Histo_5,WHH,HH,OFRA,,symb_vac,0.527639015
Histo_5,WHH,HH,OFRA,,symb_vac,0.578826081
Histo_5,WHH,HH,OFRA,,min_symb,24.032
Histo_5,WHH,HH,OFRA,,max_vac,68.7
Histo_5,WHH,HH,OFRA,,avg_symb,34.09746667
Histo_5,WHH,HH,OFRA,,avg_vac,58.555
Histo_6,WHH,HH,OFRA,1,gastro,1
Histo_6,WHH,HH,OFRA,,prop_exo,0.285714286
Histo_6,WHH,HH,OFRA,,degr_symb,1
Histo_6,WHH,HH,OFRA,2,gastro,1
Histo_6,WHH,HH,OFRA,,prop_exo,0
Histo_6,WHH,HH,OFRA,,degr_symb,1
Histo_6,WHH,HH,OFRA,3,gastro,1
Histo_6,WHH,HH,OFRA,,prop_exo,0.333333333
Histo_6,WHH,HH,OFRA,,degr_symb,1
Histo_6,WHH,HH,OFRA,4,gastro,1
Histo_6,WHH,HH,OFRA,,prop_exo,0.045454545
Histo_6,WHH,HH,OFRA,,degr_symb,1
Histo_6,WHH,HH,OFRA,5,gastro,1
Histo_6,WHH,HH,OFRA,,prop_exo,0
Histo_6,WHH,HH,OFRA,,degr_symb,1
Histo_6,WHH,HH,OFRA,,symb_vac,0.467650303
Histo_6,WHH,HH,OFRA,,symb_vac,0.459742735
Histo_6,WHH,HH,OFRA,,symb_vac,0.605056754
Histo_6,WHH,HH,OFRA,,symb_vac,0.562801932
Histo_6,WHH,HH,OFRA,,symb_vac,0.468663331
Histo_6,WHH,HH,OFRA,,symb_vac,0.630511448
Histo_6,WHH,HH,OFRA,,symb_vac,0.606905934
Histo_6,WHH,HH,OFRA,,symb_vac,0.651583527
Histo_6,WHH,HH,OFRA,,symb_vac,0.5809121
Histo_6,WHH,HH,OFRA,,symb_vac,0.573312567
Histo_6,WHH,HH,OFRA,,symb_vac,0.486390762
Histo_6,WHH,HH,OFRA,,symb_vac,0.517825555
Histo_6,WHH,HH,OFRA,,symb_vac,0.522304567
Histo_6,WHH,HH,OFRA,,symb_vac,0.543860052
Histo_6,WHH,HH,OFRA,,symb_vac,0.650673985
Histo_6,WHH,HH,OFRA,,min_symb,19.3
Histo_6,WHH,HH,OFRA,,max_vac,77.047
Histo_6,WHH,HH,OFRA,,avg_symb,32.78373333
Histo_6,WHH,HH,OFRA,,avg_vac,59.03326667
Histo_8,WDD,DD,OFRA,1,gastro,1
Histo_8,WDD,DD,OFRA,,prop_exo,0.181818182
Histo_8,WDD,DD,OFRA,,degr_symb,1
Histo_8,WDD,DD,OFRA,2,gastro,1
Histo_8,WDD,DD,OFRA,,prop_exo,0.142857143
Histo_8,WDD,DD,OFRA,,degr_symb,1
Histo_8,WDD,DD,OFRA,3,gastro,1
Histo_8,WDD,DD,OFRA,,prop_exo,0.166666667
Histo_8,WDD,DD,OFRA,,degr_symb,0
Histo_8,WDD,DD,OFRA,4,gastro,0
Histo_8,WDD,DD,OFRA,,prop_exo,0.111111111
Histo_8,WDD,DD,OFRA,,degr_symb,0
Histo_8,WDD,DD,OFRA,5,gastro,0
Histo_8,WDD,DD,OFRA,,prop_exo,0.285714286
Histo_8,WDD,DD,OFRA,,degr_symb,1
Histo_8,WDD,DD,OFRA,,symb_vac,0.508327106
Histo_8,WDD,DD,OFRA,,symb_vac,0.641158461
Histo_8,WDD,DD,OFRA,,symb_vac,0.634528588
Histo_8,WDD,DD,OFRA,,symb_vac,0.755958798
Histo_8,WDD,DD,OFRA,,symb_vac,0.702016493
Histo_8,WDD,DD,OFRA,,symb_vac,0.815337555
Histo_8,WDD,DD,OFRA,,symb_vac,0.557602036
Histo_8,WDD,DD,OFRA,,symb_vac,0.816708837
Histo_8,WDD,DD,OFRA,,symb_vac,0.620383227
Histo_8,WDD,DD,OFRA,,symb_vac,0.681752874
Histo_8,WDD,DD,OFRA,,symb_vac,0.714212443
Histo_8,WDD,DD,OFRA,,symb_vac,0.724086051
Histo_8,WDD,DD,OFRA,,symb_vac,0.643577787
Histo_8,WDD,DD,OFRA,,symb_vac,0.660157846
Histo_8,WDD,DD,OFRA,,symb_vac,0.710933062
Histo_8,WDD,DD,OFRA,,min_symb,28.569
Histo_8,WDD,DD,OFRA,,max_vac,78.183
Histo_8,WDD,DD,OFRA,,avg_symb,37.4044
Histo_8,WDD,DD,OFRA,,avg_vac,55.6332
Histo_9,WHD,HD,OFRA,1,gastro,1
Histo_9,WHD,HD,OFRA,,prop_exo,0.111111111
Histo_9,WHD,HD,OFRA,,degr_symb,1
Histo_9,WHD,HD,OFRA,2,gastro,0
Histo_9,WHD,HD,OFRA,,prop_exo,0.222222222
Histo_9,WHD,HD,OFRA,,degr_symb,1
Histo_9,WHD,HD,OFRA,3,gastro,0
Histo_9,WHD,HD,OFRA,,prop_exo,0.222222222
Histo_9,WHD,HD,OFRA,,degr_symb,0
Histo_9,WHD,HD,OFRA,4,gastro,0
Histo_9,WHD,HD,OFRA,,prop_exo,0.095238095
Histo_9,WHD,HD,OFRA,,degr_symb,1
Histo_9,WHD,HD,OFRA,5,gastro,1
Histo_9,WHD,HD,OFRA,,prop_exo,0.076923077
Histo_9,WHD,HD,OFRA,,degr_symb,0
Histo_9,WHD,HD,OFRA,,symb_vac,0.68503631
Histo_9,WHD,HD,OFRA,,symb_vac,0.758277454
Histo_9,WHD,HD,OFRA,,symb_vac,0.711477793
Histo_9,WHD,HD,OFRA,,symb_vac,0.821046399
Histo_9,WHD,HD,OFRA,,symb_vac,0.817248734
Histo_9,WHD,HD,OFRA,,symb_vac,0.695561676
Histo_9,WHD,HD,OFRA,,symb_vac,0.583165992
Histo_9,WHD,HD,OFRA,,symb_vac,0.62939399
Histo_9,WHD,HD,OFRA,,symb_vac,0.626882733
Histo_9,WHD,HD,OFRA,,symb_vac,0.577492867
Histo_9,WHD,HD,OFRA,,symb_vac,0.534700427
Histo_9,WHD,HD,OFRA,,symb_vac,0.6691909
Histo_9,WHD,HD,OFRA,,symb_vac,0.68505441
Histo_9,WHD,HD,OFRA,,symb_vac,0.745473054
Histo_9,WHD,HD,OFRA,,symb_vac,0.72213689
Histo_9,WHD,HD,OFRA,,min_symb,28.205
Histo_9,WHD,HD,OFRA,,max_vac,50.929
Histo_9,WHD,HD,OFRA,,avg_symb,39.52706667
Histo_9,WHD,HD,OFRA,,avg_vac,57.98786667
Histo_10,WHD,HD,OFRA,1,gastro,0
Histo_10,WHD,HD,OFRA,,prop_exo,0.1
Histo_10,WHD,HD,OFRA,,degr_symb,0
Histo_10,WHD,HD,OFRA,2,gastro,0
Histo_10,WHD,HD,OFRA,,prop_exo,0.176470588
Histo_10,WHD,HD,OFRA,,degr_symb,0
Histo_10,WHD,HD,OFRA,3,gastro,0
Histo_10,WHD,HD,OFRA,,prop_exo,0.2
Histo_10,WHD,HD,OFRA,,degr_symb,0
Histo_10,WHD,HD,OFRA,4,gastro,0
Histo_10,WHD,HD,OFRA,,prop_exo,0.272727273
Histo_10,WHD,HD,OFRA,,degr_symb,1
Histo_10,WHD,HD,OFRA,5,gastro,0
Histo_10,WHD,HD,OFRA,,prop_exo,0.222222222
Histo_10,WHD,HD,OFRA,,degr_symb,0
Histo_10,WHD,HD,OFRA,,symb_vac,0.75505291
Histo_10,WHD,HD,OFRA,,symb_vac,0.722872516
Histo_10,WHD,HD,OFRA,,symb_vac,0.858340525
Histo_10,WHD,HD,OFRA,,symb_vac,0.767572872
Histo_10,WHD,HD,OFRA,,symb_vac,0.749406082
Histo_10,WHD,HD,OFRA,,symb_vac,0.782399946
Histo_10,WHD,HD,OFRA,,symb_vac,0.784754439
Histo_10,WHD,HD,OFRA,,symb_vac,0.953585473
Histo_10,WHD,HD,OFRA,,symb_vac,0.789711264
Histo_10,WHD,HD,OFRA,,symb_vac,0.831160347
Histo_10,WHD,HD,OFRA,,symb_vac,0.735983843
Histo_10,WHD,HD,OFRA,,symb_vac,0.893840761
Histo_10,WHD,HD,OFRA,,symb_vac,0.690017901
Histo_10,WHD,HD,OFRA,,symb_vac,0.742690059
Histo_10,WHD,HD,OFRA,,symb_vac,0.77923985
Histo_10,WHD,HD,OFRA,,min_symb,28.541
Histo_10,WHD,HD,OFRA,,max_vac,51.765
Histo_10,WHD,HD,OFRA,,avg_symb,39.98046667
Histo_10,WHD,HD,OFRA,,avg_vac,50.63873333
Histo_11,WDD,DD,OFRA,1,gastro,0
Histo_11,WDD,DD,OFRA,,prop_exo,0.1
Histo_11,WDD,DD,OFRA,,degr_symb,0
Histo_11,WDD,DD,OFRA,2,gastro,0
Histo_11,WDD,DD,OFRA,,prop_exo,0.153846154
Histo_11,WDD,DD,OFRA,,degr_symb,0
Histo_11,WDD,DD,OFRA,3,gastro,1
Histo_11,WDD,DD,OFRA,,prop_exo,0.16
Histo_11,WDD,DD,OFRA,,degr_symb,1
Histo_11,WDD,DD,OFRA,4,gastro,0
Histo_11,WDD,DD,OFRA,,prop_exo,0.058823529
Histo_11,WDD,DD,OFRA,,degr_symb,0
Histo_11,WDD,DD,OFRA,5,gastro,0
Histo_11,WDD,DD,OFRA,,prop_exo,0.285714286
Histo_11,WDD,DD,OFRA,,degr_symb,1
Histo_11,WDD,DD,OFRA,,symb_vac,0.745593206
Histo_11,WDD,DD,OFRA,,symb_vac,0.846776233
Histo_11,WDD,DD,OFRA,,symb_vac,0.893391174
Histo_11,WDD,DD,OFRA,,symb_vac,0.756496156
Histo_11,WDD,DD,OFRA,,symb_vac,0.754849405
Histo_11,WDD,DD,OFRA,,symb_vac,0.858801038
Histo_11,WDD,DD,OFRA,,symb_vac,0.635525568
Histo_11,WDD,DD,OFRA,,symb_vac,0.656552925
Histo_11,WDD,DD,OFRA,,symb_vac,0.830138239
Histo_11,WDD,DD,OFRA,,symb_vac,0.693250384
Histo_11,WDD,DD,OFRA,,symb_vac,0.833306476
Histo_11,WDD,DD,OFRA,,symb_vac,0.671338454
Histo_11,WDD,DD,OFRA,,symb_vac,0.808046244
Histo_11,WDD,DD,OFRA,,symb_vac,0.855443205
Histo_11,WDD,DD,OFRA,,symb_vac,0.70675666
Histo_11,WDD,DD,OFRA,,min_symb,25.435
Histo_11,WDD,DD,OFRA,,max_vac,51.428
Histo_11,WDD,DD,OFRA,,avg_symb,36.8996
Histo_11,WDD,DD,OFRA,,avg_vac,48.66973333
Histo_12,WHH,HH,OFRA,1,gastro,0
Histo_12,WHH,HH,OFRA,,prop_exo,0.129032258
Histo_12,WHH,HH,OFRA,,degr_symb,1
Histo_12,WHH,HH,OFRA,2,gastro,0
Histo_12,WHH,HH,OFRA,,prop_exo,0.15
Histo_12,WHH,HH,OFRA,,degr_symb,1
Histo_12,WHH,HH,OFRA,3,gastro,1
Histo_12,WHH,HH,OFRA,,prop_exo,0.157894737
Histo_12,WHH,HH,OFRA,,degr_symb,1
Histo_12,WHH,HH,OFRA,4,gastro,0
Histo_12,WHH,HH,OFRA,,prop_exo,0.166666667
Histo_12,WHH,HH,OFRA,,degr_symb,1
Histo_12,WHH,HH,OFRA,5,gastro,0
Histo_12,WHH,HH,OFRA,,prop_exo,0.184210526
Histo_12,WHH,HH,OFRA,,degr_symb,1
Histo_12,WHH,HH,OFRA,,symb_vac,0.702423211
Histo_12,WHH,HH,OFRA,,symb_vac,0.780532975
Histo_12,WHH,HH,OFRA,,symb_vac,0.714676787
Histo_12,WHH,HH,OFRA,,symb_vac,0.856360573
Histo_12,WHH,HH,OFRA,,symb_vac,0.68254839
Histo_12,WHH,HH,OFRA,,symb_vac,0.632647215
Histo_12,WHH,HH,OFRA,,symb_vac,0.662173246
Histo_12,WHH,HH,OFRA,,symb_vac,0.790827184
Histo_12,WHH,HH,OFRA,,symb_vac,0.554588837
Histo_12,WHH,HH,OFRA,,symb_vac,0.880201383
Histo_12,WHH,HH,OFRA,,symb_vac,0.664530534
Histo_12,WHH,HH,OFRA,,symb_vac,0.802446512
Histo_12,WHH,HH,OFRA,,symb_vac,0.715650959
Histo_12,WHH,HH,OFRA,,symb_vac,0.755649367
Histo_12,WHH,HH,OFRA,,symb_vac,0.724077262
Histo_12,WHH,HH,OFRA,,min_symb,21.035
Histo_12,WHH,HH,OFRA,,max_vac,51.233
Histo_12,WHH,HH,OFRA,,avg_symb,37.07233333
Histo_12,WHH,HH,OFRA,,avg_vac,50.48326667
Histo_13,WHH,HH,OFRA,1,gastro,0
Histo_13,WHH,HH,OFRA,,prop_exo,0.086956522
Histo_13,WHH,HH,OFRA,,degr_symb,0
Histo_13,WHH,HH,OFRA,2,gastro,0
Histo_13,WHH,HH,OFRA,,prop_exo,0.125
Histo_13,WHH,HH,OFRA,,degr_symb,0
Histo_13,WHH,HH,OFRA,3,gastro,0
Histo_13,WHH,HH,OFRA,,prop_exo,0.125
Histo_13,WHH,HH,OFRA,,degr_symb,1
Histo_13,WHH,HH,OFRA,4,gastro,0
Histo_13,WHH,HH,OFRA,,prop_exo,0.071428571
Histo_13,WHH,HH,OFRA,,degr_symb,0
Histo_13,WHH,HH,OFRA,5,gastro,0
Histo_13,WHH,HH,OFRA,,prop_exo,0.3
Histo_13,WHH,HH,OFRA,,degr_symb,0
Histo_13,WHH,HH,OFRA,,symb_vac,0.615010987
Histo_13,WHH,HH,OFRA,,symb_vac,0.63461888
Histo_13,WHH,HH,OFRA,,symb_vac,0.765500297
Histo_13,WHH,HH,OFRA,,symb_vac,0.846672952
Histo_13,WHH,HH,OFRA,,symb_vac,0.835592661
Histo_13,WHH,HH,OFRA,,symb_vac,0.803430903
Histo_13,WHH,HH,OFRA,,symb_vac,0.753285865
Histo_13,WHH,HH,OFRA,,symb_vac,0.61894534
Histo_13,WHH,HH,OFRA,,symb_vac,0.806409609
Histo_13,WHH,HH,OFRA,,symb_vac,0.819412864
Histo_13,WHH,HH,OFRA,,symb_vac,0.882874167
Histo_13,WHH,HH,OFRA,,symb_vac,0.862080122
Histo_13,WHH,HH,OFRA,,symb_vac,0.730565754
Histo_13,WHH,HH,OFRA,,symb_vac,0.807620936
Histo_13,WHH,HH,OFRA,,symb_vac,0.83890396
Histo_13,WHH,HH,OFRA,,min_symb,25.271
Histo_13,WHH,HH,OFRA,,max_vac,49.169
Histo_13,WHH,HH,OFRA,,avg_symb,36.87706667
Histo_13,WHH,HH,OFRA,,avg_vac,47.7304
Histo_14,WHD,HD,OFRA,1,gastro,1
Histo_14,WHD,HD,OFRA,,prop_exo,0.208333333
Histo_14,WHD,HD,OFRA,,degr_symb,1
Histo_14,WHD,HD,OFRA,2,gastro,1
Histo_14,WHD,HD,OFRA,,prop_exo,0.103448276
Histo_14,WHD,HD,OFRA,,degr_symb,1
Histo_14,WHD,HD,OFRA,3,gastro,1
Histo_14,WHD,HD,OFRA,,prop_exo,0.215686275
Histo_14,WHD,HD,OFRA,,degr_symb,1
Histo_14,WHD,HD,OFRA,4,gastro,1
Histo_14,WHD,HD,OFRA,,prop_exo,0.230769231
Histo_14,WHD,HD,OFRA,,degr_symb,1
Histo_14,WHD,HD,OFRA,5,gastro,1
Histo_14,WHD,HD,OFRA,,prop_exo,0.25
Histo_14,WHD,HD,OFRA,,degr_symb,1
Histo_14,WHD,HD,OFRA,,symb_vac,0.773074898
Histo_14,WHD,HD,OFRA,,symb_vac,0.635607974
Histo_14,WHD,HD,OFRA,,symb_vac,0.776284313
Histo_14,WHD,HD,OFRA,,symb_vac,0.796042696
Histo_14,WHD,HD,OFRA,,symb_vac,0.813618103
Histo_14,WHD,HD,OFRA,,symb_vac,0.637621599
Histo_14,WHD,HD,OFRA,,symb_vac,0.75272456
Histo_14,WHD,HD,OFRA,,symb_vac,0.814356558
Histo_14,WHD,HD,OFRA,,symb_vac,0.823010196
Histo_14,WHD,HD,OFRA,,symb_vac,0.631082121
Histo_14,WHD,HD,OFRA,,symb_vac,0.722428704
Histo_14,WHD,HD,OFRA,,symb_vac,0.618236154
Histo_14,WHD,HD,OFRA,,symb_vac,0.604766095
Histo_14,WHD,HD,OFRA,,symb_vac,0.769519935
Histo_14,WHD,HD,OFRA,,symb_vac,0.804983278
Histo_14,WHD,HD,OFRA,,min_symb,29.169
Histo_14,WHD,HD,OFRA,,max_vac,76.892
Histo_14,WHD,HD,OFRA,,avg_symb,42.8778
Histo_14,WHD,HD,OFRA,,avg_vac,58.86446667
Histo_15,WDD,DD,OFRA,1,gastro,1
Histo_15,WDD,DD,OFRA,,prop_exo,0.545454546
Histo_15,WDD,DD,OFRA,,degr_symb,1
Histo_15,WDD,DD,OFRA,2,gastro,1
Histo_15,WDD,DD,OFRA,,prop_exo,0.208333333
Histo_15,WDD,DD,OFRA,,degr_symb,1
Histo_15,WDD,DD,OFRA,3,gastro,1
Histo_15,WDD,DD,OFRA,,prop_exo,0.448275862
Histo_15,WDD,DD,OFRA,,degr_symb,1
Histo_15,WDD,DD,OFRA,4,gastro,1
Histo_15,WDD,DD,OFRA,,prop_exo,0.285714286
Histo_15,WDD,DD,OFRA,,degr_symb,1
Histo_15,WDD,DD,OFRA,5,gastro,1
Histo_15,WDD,DD,OFRA,,prop_exo,0.125
Histo_15,WDD,DD,OFRA,,degr_symb,1
Histo_15,WDD,DD,OFRA,,symb_vac,0.803787106
Histo_15,WDD,DD,OFRA,,symb_vac,0.750731086
Histo_15,WDD,DD,OFRA,,symb_vac,0.791274109
Histo_15,WDD,DD,OFRA,,symb_vac,0.760470588
Histo_15,WDD,DD,OFRA,,symb_vac,0.743024248
Histo_15,WDD,DD,OFRA,,symb_vac,0.779981132
Histo_15,WDD,DD,OFRA,,symb_vac,0.708940009
Histo_15,WDD,DD,OFRA,,symb_vac,0.745310138
Histo_15,WDD,DD,OFRA,,symb_vac,0.757302244
Histo_15,WDD,DD,OFRA,,symb_vac,0.915078642
Histo_15,WDD,DD,OFRA,,symb_vac,0.872641509
Histo_15,WDD,DD,OFRA,,symb_vac,0.776138208
Histo_15,WDD,DD,OFRA,,symb_vac,0.819774551
Histo_15,WDD,DD,OFRA,,symb_vac,0.863620969
Histo_15,WDD,DD,OFRA,,symb_vac,0.884620198
Histo_15,WDD,DD,OFRA,,min_symb,32.032
Histo_15,WDD,DD,OFRA,,max_vac,67.486
Histo_15,WDD,DD,OFRA,,avg_symb,41.718
Histo_15,WDD,DD,OFRA,,avg_vac,52.47093333
Histo_16,WHD,HD,OFRA,1,gastro,1
Histo_16,WHD,HD,OFRA,,prop_exo,0
Histo_16,WHD,HD,OFRA,,degr_symb,1
Histo_16,WHD,HD,OFRA,2,gastro,1
Histo_16,WHD,HD,OFRA,,prop_exo,0.222222222
Histo_16,WHD,HD,OFRA,,degr_symb,1
Histo_16,WHD,HD,OFRA,3,gastro,1
Histo_16,WHD,HD,OFRA,,prop_exo,0.212121212
Histo_16,WHD,HD,OFRA,,degr_symb,1
Histo_16,WHD,HD,OFRA,4,gastro,1
Histo_16,WHD,HD,OFRA,,prop_exo,0.272727273
Histo_16,WHD,HD,OFRA,,degr_symb,1
Histo_16,WHD,HD,OFRA,5,gastro,1
Histo_16,WHD,HD,OFRA,,prop_exo,0.333333333
Histo_16,WHD,HD,OFRA,,degr_symb,1
Histo_16,WHD,HD,OFRA,,symb_vac,0.806146572
Histo_16,WHD,HD,OFRA,,symb_vac,0.813524732
Histo_16,WHD,HD,OFRA,,symb_vac,0.872046684
Histo_16,WHD,HD,OFRA,,symb_vac,0.733112273
Histo_16,WHD,HD,OFRA,,symb_vac,0.886713493
Histo_16,WHD,HD,OFRA,,symb_vac,0.75807147
Histo_16,WHD,HD,OFRA,,symb_vac,0.805833708
Histo_16,WHD,HD,OFRA,,symb_vac,0.795725377
Histo_16,WHD,HD,OFRA,,symb_vac,0.909078344
Histo_16,WHD,HD,OFRA,,symb_vac,0.795193053
Histo_16,WHD,HD,OFRA,,symb_vac,0.786176386
Histo_16,WHD,HD,OFRA,,symb_vac,0.824102163
Histo_16,WHD,HD,OFRA,,symb_vac,0.720044884
Histo_16,WHD,HD,OFRA,,symb_vac,0.762085858
Histo_16,WHD,HD,OFRA,,symb_vac,0.82445915
Histo_16,WHD,HD,OFRA,,min_symb,30.5
Histo_16,WHD,HD,OFRA,,max_vac,66.003
Histo_16,WHD,HD,OFRA,,avg_symb,40.03093333
Histo_16,WHD,HD,OFRA,,avg_vac,49.7638
Histo_17,WDD,DD,OFRA,1,gastro,1
Histo_17,WDD,DD,OFRA,,prop_exo,0.235294118
Histo_17,WDD,DD,OFRA,,degr_symb,1
Histo_17,WDD,DD,OFRA,2,gastro,1
Histo_17,WDD,DD,OFRA,,prop_exo,0.444444444
Histo_17,WDD,DD,OFRA,,degr_symb,1
Histo_17,WDD,DD,OFRA,3,gastro,1
Histo_17,WDD,DD,OFRA,,prop_exo,0.571428571
Histo_17,WDD,DD,OFRA,,degr_symb,1
Histo_17,WDD,DD,OFRA,4,gastro,1
Histo_17,WDD,DD,OFRA,,prop_exo,0.266666667
Histo_17,WDD,DD,OFRA,,degr_symb,1
Histo_17,WDD,DD,OFRA,5,gastro,1
Histo_17,WDD,DD,OFRA,,prop_exo,0.333333333
Histo_17,WDD,DD,OFRA,,degr_symb,1
Histo_17,WDD,DD,OFRA,,symb_vac,0.851833937
Histo_17,WDD,DD,OFRA,,symb_vac,0.818824483
Histo_17,WDD,DD,OFRA,,symb_vac,0.730589987
Histo_17,WDD,DD,OFRA,,symb_vac,0.782994119
Histo_17,WDD,DD,OFRA,,symb_vac,0.831803179
Histo_17,WDD,DD,OFRA,,symb_vac,0.781544932
Histo_17,WDD,DD,OFRA,,symb_vac,0.7565838
Histo_17,WDD,DD,OFRA,,symb_vac,0.792858077
Histo_17,WDD,DD,OFRA,,symb_vac,0.745429534
Histo_17,WDD,DD,OFRA,,symb_vac,0.770727949
Histo_17,WDD,DD,OFRA,,symb_vac,0.819415172
Histo_17,WDD,DD,OFRA,,symb_vac,0.806194207
Histo_17,WDD,DD,OFRA,,symb_vac,0.751725092
Histo_17,WDD,DD,OFRA,,symb_vac,0.864898186
Histo_17,WDD,DD,OFRA,,symb_vac,0.690753353
Histo_17,WDD,DD,OFRA,,min_symb,30.307
Histo_17,WDD,DD,OFRA,,max_vac,66.626
Histo_17,WDD,DD,OFRA,,avg_symb,43.69886667
Histo_17,WDD,DD,OFRA,,avg_vac,55.58713333
Histo_18,WHD,HD,PAST,1,gastro,1
Histo_18,WHD,HD,PAST,,prop_exo,0.333333333
Histo_18,WHD,HD,PAST,,degr_symb,1
Histo_18,WHD,HD,PAST,2,gastro,1
Histo_18,WHD,HD,PAST,,prop_exo,0.375
Histo_18,WHD,HD,PAST,,degr_symb,1
Histo_18,WHD,HD,PAST,3,gastro,1
Histo_18,WHD,HD,PAST,,prop_exo,0.333333333
Histo_18,WHD,HD,PAST,,degr_symb,1
Histo_18,WHD,HD,PAST,4,gastro,1
Histo_18,WHD,HD,PAST,,prop_exo,0.4
Histo_18,WHD,HD,PAST,,degr_symb,1
Histo_18,WHD,HD,PAST,5,gastro,1
Histo_18,WHD,HD,PAST,,prop_exo,0.210526316
Histo_18,WHD,HD,PAST,,degr_symb,1
Histo_18,WHD,HD,PAST,,symb_vac,0.736087022
Histo_18,WHD,HD,PAST,,symb_vac,0.776615055
Histo_18,WHD,HD,PAST,,symb_vac,0.728589865
Histo_18,WHD,HD,PAST,,symb_vac,0.805876256
Histo_18,WHD,HD,PAST,,symb_vac,0.725494981
Histo_18,WHD,HD,PAST,,symb_vac,0.680199772
Histo_18,WHD,HD,PAST,,symb_vac,0.92652901
Histo_18,WHD,HD,PAST,,symb_vac,0.796643537
Histo_18,WHD,HD,PAST,,symb_vac,0.767427812
Histo_18,WHD,HD,PAST,,symb_vac,0.827936228
Histo_18,WHD,HD,PAST,,symb_vac,0.838854122
Histo_18,WHD,HD,PAST,,symb_vac,0.907488751
Histo_18,WHD,HD,PAST,,symb_vac,0.691867079
Histo_18,WHD,HD,PAST,,symb_vac,0.909914304
Histo_18,WHD,HD,PAST,,symb_vac,0.851497728
Histo_18,WHD,HD,PAST,,min_symb,39.18
Histo_18,WHD,HD,PAST,,max_vac,91.047
Histo_18,WHD,HD,PAST,,avg_symb,51.2928
Histo_18,WHD,HD,PAST,,avg_vac,64.58293333
Histo_19,WHD,HD,PAST,1,gastro,1
Histo_19,WHD,HD,PAST,,prop_exo,0.222222222
Histo_19,WHD,HD,PAST,,degr_symb,1
Histo_19,WHD,HD,PAST,2,gastro,1
Histo_19,WHD,HD,PAST,,prop_exo,0.444444444
Histo_19,WHD,HD,PAST,,degr_symb,1
Histo_19,WHD,HD,PAST,3,gastro,1
Histo_19,WHD,HD,PAST,,prop_exo,0.333333333
Histo_19,WHD,HD,PAST,,degr_symb,1
Histo_19,WHD,HD,PAST,4,gastro,1
Histo_19,WHD,HD,PAST,,prop_exo,0.272727273
Histo_19,WHD,HD,PAST,,degr_symb,1
Histo_19,WHD,HD,PAST,5,gastro,1
Histo_19,WHD,HD,PAST,,prop_exo,0.428571429
Histo_19,WHD,HD,PAST,,degr_symb,1
Histo_19,WHD,HD,PAST,,symb_vac,0.831287445
Histo_19,WHD,HD,PAST,,symb_vac,0.790121849
Histo_19,WHD,HD,PAST,,symb_vac,0.727407758
Histo_19,WHD,HD,PAST,,symb_vac,0.919437522
Histo_19,WHD,HD,PAST,,symb_vac,0.841007512
Histo_19,WHD,HD,PAST,,symb_vac,0.912371828
Histo_19,WHD,HD,PAST,,symb_vac,0.753468847
Histo_19,WHD,HD,PAST,,symb_vac,0.844690764
Histo_19,WHD,HD,PAST,,symb_vac,0.932327472
Histo_19,WHD,HD,PAST,,symb_vac,0.61993042
Histo_19,WHD,HD,PAST,,symb_vac,0.846168421
Histo_19,WHD,HD,PAST,,symb_vac,0.80547147
Histo_19,WHD,HD,PAST,,symb_vac,0.744165249
Histo_19,WHD,HD,PAST,,symb_vac,0.784142723
Histo_19,WHD,HD,PAST,,symb_vac,0.761544081
Histo_19,WHD,HD,PAST,,min_symb,21.669
Histo_19,WHD,HD,PAST,,max_vac,69.102
Histo_19,WHD,HD,PAST,,avg_symb,40.73333333
Histo_19,WHD,HD,PAST,,avg_vac,50.0664
Histo_20,WHD,HD,OFRA,1,gastro,1
Histo_20,WHD,HD,OFRA,,prop_exo,0
Histo_20,WHD,HD,OFRA,,degr_symb,1
Histo_20,WHD,HD,OFRA,2,gastro,1
Histo_20,WHD,HD,OFRA,,prop_exo,0.08
Histo_20,WHD,HD,OFRA,,degr_symb,1
Histo_20,WHD,HD,OFRA,3,gastro,0
Histo_20,WHD,HD,OFRA,,prop_exo,0.125
Histo_20,WHD,HD,OFRA,,degr_symb,1
Histo_20,WHD,HD,OFRA,4,gastro,1
Histo_20,WHD,HD,OFRA,,prop_exo,0
Histo_20,WHD,HD,OFRA,,degr_symb,1
Histo_20,WHD,HD,OFRA,5,gastro,1
Histo_20,WHD,HD,OFRA,,prop_exo,0.25
Histo_20,WHD,HD,OFRA,,degr_symb,1
Histo_20,WHD,HD,OFRA,,symb_vac,0.4057517
Histo_20,WHD,HD,OFRA,,symb_vac,0.427879008
Histo_20,WHD,HD,OFRA,,symb_vac,0.483166057
Histo_20,WHD,HD,OFRA,,symb_vac,0.457865815
Histo_20,WHD,HD,OFRA,,symb_vac,0.586650731
Histo_20,WHD,HD,OFRA,,symb_vac,0.550987592
Histo_20,WHD,HD,OFRA,,symb_vac,0.478058755
Histo_20,WHD,HD,OFRA,,symb_vac,0.582812587
Histo_20,WHD,HD,OFRA,,symb_vac,0.441824929
Histo_20,WHD,HD,OFRA,,symb_vac,0.54730359
Histo_20,WHD,HD,OFRA,,symb_vac,0.348933808
Histo_20,WHD,HD,OFRA,,symb_vac,0.521131547
Histo_20,WHD,HD,OFRA,,symb_vac,0.484124019
Histo_20,WHD,HD,OFRA,,symb_vac,0.589579539
Histo_20,WHD,HD,OFRA,,symb_vac,0.547133697
Histo_20,WHD,HD,OFRA,,min_symb,18.229
Histo_20,WHD,HD,OFRA,,max_vac,99.907
Histo_20,WHD,HD,OFRA,,avg_symb,35.1268
Histo_20,WHD,HD,OFRA,,avg_vac,70.14273333
Histo_21,WDD,DD,PAST,1,gastro,1
Histo_21,WDD,DD,PAST,,prop_exo,0
Histo_21,WDD,DD,PAST,,degr_symb,1
Histo_21,WDD,DD,PAST,2,gastro,1
Histo_21,WDD,DD,PAST,,prop_exo,0.133333333
Histo_21,WDD,DD,PAST,,degr_symb,1
Histo_21,WDD,DD,PAST,3,gastro,1
Histo_21,WDD,DD,PAST,,prop_exo,0.058823529
Histo_21,WDD,DD,PAST,,degr_symb,1
Histo_21,WDD,DD,PAST,4,gastro,1
Histo_21,WDD,DD,PAST,,prop_exo,0
Histo_21,WDD,DD,PAST,,degr_symb,1
Histo_21,WDD,DD,PAST,5,gastro,1
Histo_21,WDD,DD,PAST,,prop_exo,0.045454545
Histo_21,WDD,DD,PAST,,degr_symb,1
Histo_21,WDD,DD,PAST,,symb_vac,0.450631267
Histo_21,WDD,DD,PAST,,symb_vac,0.455498397
Histo_21,WDD,DD,PAST,,symb_vac,0.620745271
Histo_21,WDD,DD,PAST,,symb_vac,0.599020414
Histo_21,WDD,DD,PAST,,symb_vac,0.575329599
Histo_21,WDD,DD,PAST,,symb_vac,0.635147334
Histo_21,WDD,DD,PAST,,symb_vac,0.53960544
Histo_21,WDD,DD,PAST,,symb_vac,0.518095731
Histo_21,WDD,DD,PAST,,symb_vac,0.540451234
Histo_21,WDD,DD,PAST,,symb_vac,0.537002048
Histo_21,WDD,DD,PAST,,symb_vac,0.60382767
Histo_21,WDD,DD,PAST,,symb_vac,0.617034719
Histo_21,WDD,DD,PAST,,symb_vac,0.627546501
Histo_21,WDD,DD,PAST,,symb_vac,0.56463235
Histo_21,WDD,DD,PAST,,symb_vac,0.588748851
Histo_21,WDD,DD,PAST,,min_symb,27.055
Histo_21,WDD,DD,PAST,,max_vac,102.884
Histo_21,WDD,DD,PAST,,avg_symb,41.45333333
Histo_21,WDD,DD,PAST,,avg_vac,73.22073333
Histo_22,WDD,DD,OFRA,1,gastro,0
Histo_22,WDD,DD,OFRA,,prop_exo,0.125
Histo_22,WDD,DD,OFRA,,degr_symb,1
Histo_22,WDD,DD,OFRA,2,gastro,1
Histo_22,WDD,DD,OFRA,,prop_exo,0.181818182
Histo_22,WDD,DD,OFRA,,degr_symb,1
Histo_22,WDD,DD,OFRA,3,gastro,1
Histo_22,WDD,DD,OFRA,,prop_exo,0
Histo_22,WDD,DD,OFRA,,degr_symb,1
Histo_22,WDD,DD,OFRA,4,gastro,1
Histo_22,WDD,DD,OFRA,,prop_exo,0.045454545
Histo_22,WDD,DD,OFRA,,degr_symb,1
Histo_22,WDD,DD,OFRA,5,gastro,1
Histo_22,WDD,DD,OFRA,,prop_exo,0
Histo_22,WDD,DD,OFRA,,degr_symb,1
Histo_22,WDD,DD,OFRA,,symb_vac,0.526698194
Histo_22,WDD,DD,OFRA,,symb_vac,0.479287214
Histo_22,WDD,DD,OFRA,,symb_vac,0.520747588
Histo_22,WDD,DD,OFRA,,symb_vac,0.524857147
Histo_22,WDD,DD,OFRA,,symb_vac,0.643477579
Histo_22,WDD,DD,OFRA,,symb_vac,0.571976016
Histo_22,WDD,DD,OFRA,,symb_vac,0.446276257
Histo_22,WDD,DD,OFRA,,symb_vac,0.415925579
Histo_22,WDD,DD,OFRA,,symb_vac,0.475794106
Histo_22,WDD,DD,OFRA,,symb_vac,0.433808339
Histo_22,WDD,DD,OFRA,,symb_vac,0.450984209
Histo_22,WDD,DD,OFRA,,symb_vac,0.517091831
Histo_22,WDD,DD,OFRA,,symb_vac,0.529818968
Histo_22,WDD,DD,OFRA,,symb_vac,0.508855207
Histo_22,WDD,DD,OFRA,,symb_vac,0.549917229
Histo_22,WDD,DD,OFRA,,min_symb,28.044
Histo_22,WDD,DD,OFRA,,max_vac,104.069
Histo_22,WDD,DD,OFRA,,avg_symb,35.20393333
Histo_22,WDD,DD,OFRA,,avg_vac,70.2536
Histo_26,WHD,HD,PAST,1,gastro,1
Histo_26,WHD,HD,PAST,,prop_exo,0.1
Histo_26,WHD,HD,PAST,,degr_symb,1
Histo_26,WHD,HD,PAST,2,gastro,1
Histo_26,WHD,HD,PAST,,prop_exo,0
Histo_26,WHD,HD,PAST,,degr_symb,1
Histo_26,WHD,HD,PAST,3,gastro,1
Histo_26,WHD,HD,PAST,,prop_exo,0.142857143
Histo_26,WHD,HD,PAST,,degr_symb,1
Histo_26,WHD,HD,PAST,4,gastro,1
Histo_26,WHD,HD,PAST,,prop_exo,0.222222222
Histo_26,WHD,HD,PAST,,degr_symb,1
Histo_26,WHD,HD,PAST,5,gastro,1
Histo_26,WHD,HD,PAST,,prop_exo,0.133333333
Histo_26,WHD,HD,PAST,,degr_symb,1
Histo_26,WHD,HD,PAST,,symb_vac,0.702062805
Histo_26,WHD,HD,PAST,,symb_vac,0.819047035
Histo_26,WHD,HD,PAST,,symb_vac,0.669129007
Histo_26,WHD,HD,PAST,,symb_vac,0.789951943
Histo_26,WHD,HD,PAST,,symb_vac,0.791639506
Histo_26,WHD,HD,PAST,,symb_vac,0.807893366
Histo_26,WHD,HD,PAST,,symb_vac,0.778671005
Histo_26,WHD,HD,PAST,,symb_vac,0.813913486
Histo_26,WHD,HD,PAST,,symb_vac,0.85343998
Histo_26,WHD,HD,PAST,,symb_vac,0.737040907
Histo_26,WHD,HD,PAST,,symb_vac,0.811121721
Histo_26,WHD,HD,PAST,,symb_vac,0.776868333
Histo_26,WHD,HD,PAST,,symb_vac,0.784665293
Histo_26,WHD,HD,PAST,,symb_vac,0.70066903
Histo_26,WHD,HD,PAST,,symb_vac,0.66661832
Histo_26,WHD,HD,PAST,,min_symb,24.409
Histo_26,WHD,HD,PAST,,max_vac,118.876
Histo_26,WHD,HD,PAST,,avg_symb,47.95413333
Histo_26,WHD,HD,PAST,,avg_vac,62.92673333
Histo_33,WDD,DD,PAST,1,gastro,1
Histo_33,WDD,DD,PAST,,prop_exo,0
Histo_33,WDD,DD,PAST,,degr_symb,1
Histo_33,WDD,DD,PAST,2,gastro,1
Histo_33,WDD,DD,PAST,,prop_exo,0
Histo_33,WDD,DD,PAST,,degr_symb,1
Histo_33,WDD,DD,PAST,3,gastro,1
Histo_33,WDD,DD,PAST,,prop_exo,0
Histo_33,WDD,DD,PAST,,degr_symb,1
Histo_33,WDD,DD,PAST,4,gastro,1
Histo_33,WDD,DD,PAST,,prop_exo,0.166666667
Histo_33,WDD,DD,PAST,,degr_symb,1
Histo_33,WDD,DD,PAST,5,gastro,1
Histo_33,WDD,DD,PAST,,prop_exo,0.076923077
Histo_33,WDD,DD,PAST,,degr_symb,1
Histo_33,WDD,DD,PAST,,symb_vac,0.473982822
Histo_33,WDD,DD,PAST,,symb_vac,0.551275764
Histo_33,WDD,DD,PAST,,symb_vac,0.535225221
Histo_33,WDD,DD,PAST,,symb_vac,0.654251616
Histo_33,WDD,DD,PAST,,symb_vac,0.548090028
Histo_33,WDD,DD,PAST,,symb_vac,0.631766482
Histo_33,WDD,DD,PAST,,symb_vac,0.534268096
Histo_33,WDD,DD,PAST,,symb_vac,0.619722873
Histo_33,WDD,DD,PAST,,symb_vac,0.46042685
Histo_33,WDD,DD,PAST,,symb_vac,0.503970726
Histo_33,WDD,DD,PAST,,symb_vac,0.517425746
Histo_33,WDD,DD,PAST,,symb_vac,0.512605799
Histo_33,WDD,DD,PAST,,symb_vac,0.550408768
Histo_33,WDD,DD,PAST,,symb_vac,0.57174873
Histo_33,WDD,DD,PAST,,symb_vac,0.595936523
Histo_33,WDD,DD,PAST,,min_symb,22.772
Histo_33,WDD,DD,PAST,,max_vac,79.744
Histo_33,WDD,DD,PAST,,avg_symb,34.54833333
Histo_33,WDD,DD,PAST,,avg_vac,62.7968
Histo_37,WHH,HH,PAST,1,gastro,0
Histo_37,WHH,HH,PAST,,prop_exo,0
Histo_37,WHH,HH,PAST,,degr_symb,1
Histo_37,WHH,HH,PAST,2,gastro,0
Histo_37,WHH,HH,PAST,,prop_exo,0.222222222
Histo_37,WHH,HH,PAST,,degr_symb,1
Histo_37,WHH,HH,PAST,3,gastro,0
Histo_37,WHH,HH,PAST,,prop_exo,0.083333333
Histo_37,WHH,HH,PAST,,degr_symb,1
Histo_37,WHH,HH,PAST,4,gastro,1
Histo_37,WHH,HH,PAST,,prop_exo,0.166666667
Histo_37,WHH,HH,PAST,,degr_symb,1
Histo_37,WHH,HH,PAST,5,gastro,1
Histo_37,WHH,HH,PAST,,prop_exo,0
Histo_37,WHH,HH,PAST,,degr_symb,1
Histo_37,WHH,HH,PAST,,symb_vac,0.562807331
Histo_37,WHH,HH,PAST,,symb_vac,0.642886974
Histo_37,WHH,HH,PAST,,symb_vac,0.468191232
Histo_37,WHH,HH,PAST,,symb_vac,0.615865879
Histo_37,WHH,HH,PAST,,symb_vac,0.463429021
Histo_37,WHH,HH,PAST,,symb_vac,0.507056875
Histo_37,WHH,HH,PAST,,symb_vac,0.567651474
Histo_37,WHH,HH,PAST,,symb_vac,0.59359972
Histo_37,WHH,HH,PAST,,symb_vac,0.548809011
Histo_37,WHH,HH,PAST,,symb_vac,0.567913685
Histo_37,WHH,HH,PAST,,symb_vac,0.583190887
Histo_37,WHH,HH,PAST,,symb_vac,0.535233583
Histo_37,WHH,HH,PAST,,symb_vac,0.426687306
Histo_37,WHH,HH,PAST,,symb_vac,0.581829289
Histo_37,WHH,HH,PAST,,symb_vac,0.560423175
Histo_37,WHH,HH,PAST,,min_symb,18.856
Histo_37,WHH,HH,PAST,,max_vac,76.637
Histo_37,WHH,HH,PAST,,avg_symb,32.09566667
Histo_37,WHH,HH,PAST,,avg_vac,58.5188
Histo_40,WHH,HH,PAST,1,gastro,1
Histo_40,WHH,HH,PAST,,prop_exo,0.2
Histo_40,WHH,HH,PAST,,degr_symb,1
Histo_40,WHH,HH,PAST,2,gastro,1
Histo_40,WHH,HH,PAST,,prop_exo,0
Histo_40,WHH,HH,PAST,,degr_symb,1
Histo_40,WHH,HH,PAST,3,gastro,1
Histo_40,WHH,HH,PAST,,prop_exo,0.066666667
Histo_40,WHH,HH,PAST,,degr_symb,1
Histo_40,WHH,HH,PAST,4,gastro,0
Histo_40,WHH,HH,PAST,,prop_exo,0.176470588
Histo_40,WHH,HH,PAST,,degr_symb,1
Histo_40,WHH,HH,PAST,5,gastro,1
Histo_40,WHH,HH,PAST,,prop_exo,0
Histo_40,WHH,HH,PAST,,degr_symb,1
Histo_40,WHH,HH,PAST,,symb_vac,0.561206308
Histo_40,WHH,HH,PAST,,symb_vac,0.499090738
Histo_40,WHH,HH,PAST,,symb_vac,0.636941152
Histo_40,WHH,HH,PAST,,symb_vac,0.650413501
Histo_40,WHH,HH,PAST,,symb_vac,0.645026614
Histo_40,WHH,HH,PAST,,symb_vac,0.617031567
Histo_40,WHH,HH,PAST,,symb_vac,0.629453359
Histo_40,WHH,HH,PAST,,symb_vac,0.543434976
Histo_40,WHH,HH,PAST,,symb_vac,0.54566031
Histo_40,WHH,HH,PAST,,symb_vac,0.564941262
Histo_40,WHH,HH,PAST,,symb_vac,0.590023177
Histo_40,WHH,HH,PAST,,symb_vac,0.567488317
Histo_40,WHH,HH,PAST,,symb_vac,0.650895181
Histo_40,WHH,HH,PAST,,symb_vac,0.548797781
Histo_40,WHH,HH,PAST,,symb_vac,0.649486731
Histo_40,WHH,HH,PAST,,min_symb,30.617
Histo_40,WHH,HH,PAST,,max_vac,84.869
Histo_40,WHH,HH,PAST,,avg_symb,38.01786667
Histo_40,WHH,HH,PAST,,avg_vac,64.19166667
Histo_41,WHD,HD,PAST,1,gastro,0
Histo_41,WHD,HD,PAST,,prop_exo,0
Histo_41,WHD,HD,PAST,,degr_symb,1
Histo_41,WHD,HD,PAST,2,gastro,1
Histo_41,WHD,HD,PAST,,prop_exo,0.25
Histo_41,WHD,HD,PAST,,degr_symb,1
Histo_41,WHD,HD,PAST,3,gastro,1
Histo_41,WHD,HD,PAST,,prop_exo,0.166666667
Histo_41,WHD,HD,PAST,,degr_symb,1
Histo_41,WHD,HD,PAST,4,gastro,1
Histo_41,WHD,HD,PAST,,prop_exo,0
Histo_41,WHD,HD,PAST,,degr_symb,1
Histo_41,WHD,HD,PAST,5,gastro,0
Histo_41,WHD,HD,PAST,,prop_exo,0.142857143
Histo_41,WHD,HD,PAST,,degr_symb,1
Histo_41,WHD,HD,PAST,,symb_vac,0.590420604
Histo_41,WHD,HD,PAST,,symb_vac,0.632051555
Histo_41,WHD,HD,PAST,,symb_vac,0.719327909
Histo_41,WHD,HD,PAST,,symb_vac,0.497084261
Histo_41,WHD,HD,PAST,,symb_vac,0.431219298
Histo_41,WHD,HD,PAST,,symb_vac,0.60213894
Histo_41,WHD,HD,PAST,,symb_vac,0.572837229
Histo_41,WHD,HD,PAST,,symb_vac,0.532767882
Histo_41,WHD,HD,PAST,,symb_vac,0.586470348
Histo_41,WHD,HD,PAST,,symb_vac,0.558671692
Histo_41,WHD,HD,PAST,,symb_vac,0.564916587
Histo_41,WHD,HD,PAST,,symb_vac,0.494056455
Histo_41,WHD,HD,PAST,,symb_vac,0.634652448
Histo_41,WHD,HD,PAST,,symb_vac,0.481466855
Histo_41,WHD,HD,PAST,,symb_vac,0.573342378
Histo_41,WHD,HD,PAST,,min_symb,23.614
Histo_41,WHD,HD,PAST,,max_vac,84.209
Histo_41,WHD,HD,PAST,,avg_symb,33.96753333
Histo_41,WHD,HD,PAST,,avg_vac,60.79053333
Histo_42,WHH,HH,PAST,1,gastro,0
Histo_42,WHH,HH,PAST,,prop_exo,0
Histo_42,WHH,HH,PAST,,degr_symb,1
Histo_42,WHH,HH,PAST,2,gastro,1
Histo_42,WHH,HH,PAST,,prop_exo,0.142857143
Histo_42,WHH,HH,PAST,,degr_symb,1
Histo_42,WHH,HH,PAST,3,gastro,1
Histo_42,WHH,HH,PAST,,prop_exo,0.24
Histo_42,WHH,HH,PAST,,degr_symb,1
Histo_42,WHH,HH,PAST,4,gastro,1
Histo_42,WHH,HH,PAST,,prop_exo,0
Histo_42,WHH,HH,PAST,,degr_symb,1
Histo_42,WHH,HH,PAST,5,gastro,0
Histo_42,WHH,HH,PAST,,prop_exo,0.4
Histo_42,WHH,HH,PAST,,degr_symb,1
Histo_42,WHH,HH,PAST,,symb_vac,0.649011802
Histo_42,WHH,HH,PAST,,symb_vac,0.66756048
Histo_42,WHH,HH,PAST,,symb_vac,0.554142854
Histo_42,WHH,HH,PAST,,symb_vac,0.608196817
Histo_42,WHH,HH,PAST,,symb_vac,0.650805644
Histo_42,WHH,HH,PAST,,symb_vac,0.597889233
Histo_42,WHH,HH,PAST,,symb_vac,0.574695692
Histo_42,WHH,HH,PAST,,symb_vac,0.51667491
Histo_42,WHH,HH,PAST,,symb_vac,0.536957753
Histo_42,WHH,HH,PAST,,symb_vac,0.517531143
Histo_42,WHH,HH,PAST,,symb_vac,0.621402424
Histo_42,WHH,HH,PAST,,symb_vac,0.595383795
Histo_42,WHH,HH,PAST,,symb_vac,0.64752318
Histo_42,WHH,HH,PAST,,symb_vac,0.566982787
Histo_42,WHH,HH,PAST,,symb_vac,0.567449736
Histo_42,WHH,HH,PAST,,min_symb,25.889
Histo_42,WHH,HH,PAST,,max_vac,78.662
Histo_42,WHH,HH,PAST,,avg_symb,37.10306667
Histo_42,WHH,HH,PAST,,avg_vac,62.92646667
Histo_43,WHH,HH,PAST,1,gastro,1
Histo_43,WHH,HH,PAST,,prop_exo,0.2
Histo_43,WHH,HH,PAST,,degr_symb,1
Histo_43,WHH,HH,PAST,2,gastro,1
Histo_43,WHH,HH,PAST,,prop_exo,0
Histo_43,WHH,HH,PAST,,degr_symb,1
Histo_43,WHH,HH,PAST,3,gastro,0
Histo_43,WHH,HH,PAST,,prop_exo,0
Histo_43,WHH,HH,PAST,,degr_symb,1
Histo_43,WHH,HH,PAST,4,gastro,1
Histo_43,WHH,HH,PAST,,prop_exo,0.142857143
Histo_43,WHH,HH,PAST,,degr_symb,1
Histo_43,WHH,HH,PAST,5,gastro,1
Histo_43,WHH,HH,PAST,,prop_exo,0
Histo_43,WHH,HH,PAST,,degr_symb,1
Histo_43,WHH,HH,PAST,,symb_vac,0.671289901
Histo_43,WHH,HH,PAST,,symb_vac,0.52355705
Histo_43,WHH,HH,PAST,,symb_vac,0.543011583
Histo_43,WHH,HH,PAST,,symb_vac,0.564232498
Histo_43,WHH,HH,PAST,,symb_vac,0.569891396
Histo_43,WHH,HH,PAST,,symb_vac,0.596817341
Histo_43,WHH,HH,PAST,,symb_vac,0.668193901
Histo_43,WHH,HH,PAST,,symb_vac,0.580199524
Histo_43,WHH,HH,PAST,,symb_vac,0.503724849
Histo_43,WHH,HH,PAST,,symb_vac,0.465095703
Histo_43,WHH,HH,PAST,,symb_vac,0.546050891
Histo_43,WHH,HH,PAST,,symb_vac,0.611491936
Histo_43,WHH,HH,PAST,,symb_vac,0.664280019
Histo_43,WHH,HH,PAST,,symb_vac,0.622549295
Histo_43,WHH,HH,PAST,,symb_vac,0.65377343
Histo_43,WHH,HH,PAST,,min_symb,30.341
Histo_43,WHH,HH,PAST,,max_vac,113.418
Histo_43,WHH,HH,PAST,,avg_symb,47.7588
Histo_43,WHH,HH,PAST,,avg_vac,81.87553333
Histo_44,WDD,DD,PAST,1,gastro,1
Histo_44,WDD,DD,PAST,,prop_exo,0.538461539
Histo_44,WDD,DD,PAST,,degr_symb,1
Histo_44,WDD,DD,PAST,2,gastro,1
Histo_44,WDD,DD,PAST,,prop_exo,0.25
Histo_44,WDD,DD,PAST,,degr_symb,1
Histo_44,WDD,DD,PAST,3,gastro,0
Histo_44,WDD,DD,PAST,,prop_exo,0
Histo_44,WDD,DD,PAST,,degr_symb,1
Histo_44,WDD,DD,PAST,4,gastro,1
Histo_44,WDD,DD,PAST,,prop_exo,0.117647059
Histo_44,WDD,DD,PAST,,degr_symb,1
Histo_44,WDD,DD,PAST,5,gastro,1
Histo_44,WDD,DD,PAST,,prop_exo,0
Histo_44,WDD,DD,PAST,,degr_symb,1
Histo_44,WDD,DD,PAST,,symb_vac,0.615482485
Histo_44,WDD,DD,PAST,,symb_vac,0.493723085
Histo_44,WDD,DD,PAST,,symb_vac,0.539591653
Histo_44,WDD,DD,PAST,,symb_vac,0.510734128
Histo_44,WDD,DD,PAST,,symb_vac,0.628264529
Histo_44,WDD,DD,PAST,,symb_vac,0.517892139
Histo_44,WDD,DD,PAST,,symb_vac,0.769744656
Histo_44,WDD,DD,PAST,,symb_vac,0.622261299
Histo_44,WDD,DD,PAST,,symb_vac,0.633564155
Histo_44,WDD,DD,PAST,,symb_vac,0.595289362
Histo_44,WDD,DD,PAST,,symb_vac,0.555773112
Histo_44,WDD,DD,PAST,,symb_vac,0.481184355
Histo_44,WDD,DD,PAST,,symb_vac,0.623481781
Histo_44,WDD,DD,PAST,,symb_vac,0.601216006
Histo_44,WDD,DD,PAST,,symb_vac,0.518704886
Histo_44,WDD,DD,PAST,,min_symb,24.052
Histo_44,WDD,DD,PAST,,max_vac,91.019
Histo_44,WDD,DD,PAST,,avg_symb,36.90566667
Histo_44,WDD,DD,PAST,,avg_vac,64.19326667
Histo_45,WHH,HH,PAST,1,gastro,1
Histo_45,WHH,HH,PAST,,prop_exo,0.4
Histo_45,WHH,HH,PAST,,degr_symb,1
Histo_45,WHH,HH,PAST,2,gastro,1
Histo_45,WHH,HH,PAST,,prop_exo,0.1
Histo_45,WHH,HH,PAST,,degr_symb,1
Histo_45,WHH,HH,PAST,3,gastro,1
Histo_45,WHH,HH,PAST,,prop_exo,0.166666667
Histo_45,WHH,HH,PAST,,degr_symb,1
Histo_45,WHH,HH,PAST,4,gastro,0
Histo_45,WHH,HH,PAST,,prop_exo,1
Histo_45,WHH,HH,PAST,,degr_symb,1
Histo_45,WHH,HH,PAST,5,gastro,1
Histo_45,WHH,HH,PAST,,prop_exo,0
Histo_45,WHH,HH,PAST,,degr_symb,1
Histo_45,WHH,HH,PAST,,symb_vac,0.673972722
Histo_45,WHH,HH,PAST,,symb_vac,0.645872769
Histo_45,WHH,HH,PAST,,symb_vac,0.548450835
Histo_45,WHH,HH,PAST,,symb_vac,0.60271909
Histo_45,WHH,HH,PAST,,symb_vac,0.493489443
Histo_45,WHH,HH,PAST,,symb_vac,0.522130024
Histo_45,WHH,HH,PAST,,symb_vac,0.459174062
Histo_45,WHH,HH,PAST,,symb_vac,0.610447459
Histo_45,WHH,HH,PAST,,symb_vac,0.6266917
Histo_45,WHH,HH,PAST,,symb_vac,0.698200882
Histo_45,WHH,HH,PAST,,symb_vac,0.49841952
Histo_45,WHH,HH,PAST,,symb_vac,0.639637621
Histo_45,WHH,HH,PAST,,symb_vac,0.526896669
Histo_45,WHH,HH,PAST,,symb_vac,0.656169043
Histo_45,WHH,HH,PAST,,symb_vac,0.670019906
Histo_45,WHH,HH,PAST,,min_symb,24.125
Histo_45,WHH,HH,PAST,,max_vac,75.381
Histo_45,WHH,HH,PAST,,avg_symb,33.65846667
Histo_45,WHH,HH,PAST,,avg_vac,57.4296