Individual,species,Sample_Health_State ,colony_health,Colony_number,photo,measurement,value ,state
WPH_66,PAST,HD,HD,56,1,gastro,1,1
WPH_66,PAST,HD,HD,56,,prop_exo,0,1
WPH_66,PAST,HD,HD,56,,degr_symb,1,1
WPH_66,PAST,HD,HD,56,2,gastro,1,1
WPH_66,PAST,HD,HD,56,,prop_exo,0,1
WPH_66,PAST,HD,HD,56,,degr_symb,1,1
WPH_66,PAST,HD,HD,56,3,gastro,1,1
WPH_66,PAST,HD,HD,56,,prop_exo,0.3,1
WPH_66,PAST,HD,HD,56,,degr_symb,1,1
WPH_66,PAST,HD,HD,56,4,gastro,1,1
WPH_66,PAST,HD,HD,56,,prop_exo,0.3,1
WPH_66,PAST,HD,HD,56,,degr_symb,1,1
WPH_66,PAST,HD,HD,56,5,gastro,1,1
WPH_66,PAST,HD,HD,56,,prop_exo,0,1
WPH_66,PAST,HD,HD,56,,degr_symb,1,1
WPH_66,PAST,HD,HD,56,,symb_vac,0.698419672,1
WPH_66,PAST,HD,HD,56,,symb_vac,0.860140702,1
WPH_66,PAST,HD,HD,56,,symb_vac,0.675059099,1
WPH_66,PAST,HD,HD,56,,symb_vac,0.639705882,1
WPH_66,PAST,HD,HD,56,,symb_vac,0.642502523,1
WPH_66,PAST,HD,HD,56,,symb_vac,0.604279246,1
WPH_66,PAST,HD,HD,56,,symb_vac,0.651254325,1
WPH_66,PAST,HD,HD,56,,symb_vac,0.704249946,1
WPH_66,PAST,HD,HD,56,,symb_vac,0.860031082,1
WPH_66,PAST,HD,HD,56,,symb_vac,0.756878561,1
WPH_66,PAST,HD,HD,56,,symb_vac,0.815538072,1
WPH_66,PAST,HD,HD,56,,symb_vac,0.814685255,1
WPH_66,PAST,HD,HD,56,,symb_vac,0.710716908,1
WPH_66,PAST,HD,HD,56,,symb_vac,0.671475539,1
WPH_66,PAST,HD,HD,56,,symb_vac,0.78203286,1
WPH_66,PAST,HD,HD,56,,min_symb,15.918,1
WPH_66,PAST,HD,HD,56,,max_vac,78.682,1
WPH_66,PAST,HD,HD,56,,avg_symb,43.48413333,1
WPH_66,PAST,HD,HD,56,,avg_vac,59.30293333,1
WPH_50,PAST,HH,HH,57,1,gastro,1,0
WPH_50,PAST,HH,HH,57,,prop_exo,0.111111111,0
WPH_50,PAST,HH,HH,57,,degr_symb,1,0
WPH_50,PAST,HH,HH,57,2,gastro,1,0
WPH_50,PAST,HH,HH,57,,prop_exo,0.272727273,0
WPH_50,PAST,HH,HH,57,,degr_symb,1,0
WPH_50,PAST,HH,HH,57,3,gastro,1,0
WPH_50,PAST,HH,HH,57,,prop_exo,0,0
WPH_50,PAST,HH,HH,57,,degr_symb,1,0
WPH_50,PAST,HH,HH,57,4,gastro,1,0
WPH_50,PAST,HH,HH,57,,prop_exo,0,0
WPH_50,PAST,HH,HH,57,,degr_symb,1,0
WPH_50,PAST,HH,HH,57,5,gastro,1,0
WPH_50,PAST,HH,HH,57,,prop_exo,0,0
WPH_50,PAST,HH,HH,57,,degr_symb,1,0
WPH_50,PAST,HH,HH,57,,symb_vac,0.672071831,0
WPH_50,PAST,HH,HH,57,,symb_vac,0.883425913,0
WPH_50,PAST,HH,HH,57,,symb_vac,0.821267361,0
WPH_50,PAST,HH,HH,57,,symb_vac,0.824242872,0
WPH_50,PAST,HH,HH,57,,symb_vac,0.706442818,0
WPH_50,PAST,HH,HH,57,,symb_vac,0.826134423,0
WPH_50,PAST,HH,HH,57,,symb_vac,0.711555436,0
WPH_50,PAST,HH,HH,57,,symb_vac,0.768410973,0
WPH_50,PAST,HH,HH,57,,symb_vac,0.669047088,0
WPH_50,PAST,HH,HH,57,,symb_vac,0.684944316,0
WPH_50,PAST,HH,HH,57,,symb_vac,0.866515902,0
WPH_50,PAST,HH,HH,57,,symb_vac,0.817929203,0
WPH_50,PAST,HH,HH,57,,symb_vac,0.767099707,0
WPH_50,PAST,HH,HH,57,,symb_vac,0.675661883,0
WPH_50,PAST,HH,HH,57,,symb_vac,0.630608079,0
WPH_50,PAST,HH,HH,57,,min_symb,33.1,0
WPH_50,PAST,HH,HH,57,,max_vac,89.608,0
WPH_50,PAST,HH,HH,57,,avg_symb,51.59753333,0
WPH_50,PAST,HH,HH,57,,avg_vac,68.03566667,0
WPH_43,PAST,HH,HH,42,1,gastro,1,0
WPH_43,PAST,HH,HH,42,,prop_exo,0,0
WPH_43,PAST,HH,HH,42,,degr_symb,1,0
WPH_43,PAST,HH,HH,42,2,gastro,1,0
WPH_43,PAST,HH,HH,42,,prop_exo,0,0
WPH_43,PAST,HH,HH,42,,degr_symb,1,0
WPH_43,PAST,HH,HH,42,3,gastro,1,0
WPH_43,PAST,HH,HH,42,,prop_exo,0.136363636,0
WPH_43,PAST,HH,HH,42,,degr_symb,1,0
WPH_43,PAST,HH,HH,42,4,gastro,1,0
WPH_43,PAST,HH,HH,42,,prop_exo,0.25,0
WPH_43,PAST,HH,HH,42,,degr_symb,1,0
WPH_43,PAST,HH,HH,42,5,gastro,1,0
WPH_43,PAST,HH,HH,42,,prop_exo,0.272727273,0
WPH_43,PAST,HH,HH,42,,degr_symb,1,0
WPH_43,PAST,HH,HH,42,,symb_vac,0.809870122,0
WPH_43,PAST,HH,HH,42,,symb_vac,0.687358089,0
WPH_43,PAST,HH,HH,42,,symb_vac,0.758423991,0
WPH_43,PAST,HH,HH,42,,symb_vac,0.675192011,0
WPH_43,PAST,HH,HH,42,,symb_vac,0.712413668,0
WPH_43,PAST,HH,HH,42,,symb_vac,0.749163757,0
WPH_43,PAST,HH,HH,42,,symb_vac,0.663753732,0
WPH_43,PAST,HH,HH,42,,symb_vac,0.685502283,0
WPH_43,PAST,HH,HH,42,,symb_vac,0.765098327,0
WPH_43,PAST,HH,HH,42,,symb_vac,0.666924383,0
WPH_43,PAST,HH,HH,42,,symb_vac,0.785895519,0
WPH_43,PAST,HH,HH,42,,symb_vac,0.731751412,0
WPH_43,PAST,HH,HH,42,,symb_vac,0.695146014,0
WPH_43,PAST,HH,HH,42,,symb_vac,0.673327329,0
WPH_43,PAST,HH,HH,42,,symb_vac,0.67316404,0
WPH_43,PAST,HH,HH,42,,min_symb,31.226,0
WPH_43,PAST,HH,HH,42,,max_vac,70.952,0
WPH_43,PAST,HH,HH,42,,avg_symb,42.06186667,0
WPH_43,PAST,HH,HH,42,,avg_vac,58.76826667,0
WPH_39,PAST,HD,HD,48,1,gastro,1,1
WPH_39,PAST,HD,HD,48,,prop_exo,0.230769231,1
WPH_39,PAST,HD,HD,48,,degr_symb,1,1
WPH_39,PAST,HD,HD,48,2,gastro,1,1
WPH_39,PAST,HD,HD,48,,prop_exo,0,1
WPH_39,PAST,HD,HD,48,,degr_symb,1,1
WPH_39,PAST,HD,HD,48,3,gastro,1,1
WPH_39,PAST,HD,HD,48,,prop_exo,0.25,1
WPH_39,PAST,HD,HD,48,,degr_symb,1,1
WPH_39,PAST,HD,HD,48,4,gastro,1,1
WPH_39,PAST,HD,HD,48,,prop_exo,0.2,1
WPH_39,PAST,HD,HD,48,,degr_symb,1,1
WPH_39,PAST,HD,HD,48,5,gastro,1,1
WPH_39,PAST,HD,HD,48,,prop_exo,0,1
WPH_39,PAST,HD,HD,48,,degr_symb,1,1
WPH_39,PAST,HD,HD,48,,symb_vac,0.646373704,1
WPH_39,PAST,HD,HD,48,,symb_vac,0.683843968,1
WPH_39,PAST,HD,HD,48,,symb_vac,0.740693952,1
WPH_39,PAST,HD,HD,48,,symb_vac,0.694257552,1
WPH_39,PAST,HD,HD,48,,symb_vac,0.676451567,1
WPH_39,PAST,HD,HD,48,,symb_vac,0.794854526,1
WPH_39,PAST,HD,HD,48,,symb_vac,0.665383544,1
WPH_39,PAST,HD,HD,48,,symb_vac,0.6207495,1
WPH_39,PAST,HD,HD,48,,symb_vac,0.721186468,1
WPH_39,PAST,HD,HD,48,,symb_vac,0.703997422,1
WPH_39,PAST,HD,HD,48,,symb_vac,0.799668294,1
WPH_39,PAST,HD,HD,48,,symb_vac,0.744756889,1
WPH_39,PAST,HD,HD,48,,symb_vac,0.743673196,1
WPH_39,PAST,HD,HD,48,,symb_vac,0.745399897,1
WPH_39,PAST,HD,HD,48,,symb_vac,0.698778053,1
WPH_39,PAST,HD,HD,48,,min_symb,37.654,1
WPH_39,PAST,HD,HD,48,,max_vac,83.549,1
WPH_39,PAST,HD,HD,48,,avg_symb,45.90786667,1
WPH_39,PAST,HD,HD,48,,avg_vac,64.63033333,1
WPH_74,OFRA,HH,HP,60,1,gastro,1,0
WPH_74,OFRA,HH,HP,60,,prop_exo,0.4,0
WPH_74,OFRA,HH,HP,60,,degr_symb,1,0
WPH_74,OFRA,HH,HP,60,2,gastro,0,0
WPH_74,OFRA,HH,HP,60,,prop_exo,0.277777778,0
WPH_74,OFRA,HH,HP,60,,degr_symb,1,0
WPH_74,OFRA,HH,HP,60,3,gastro,0,0
WPH_74,OFRA,HH,HP,60,,prop_exo,0.625,0
WPH_74,OFRA,HH,HP,60,,degr_symb,1,0
WPH_74,OFRA,HH,HP,60,4,gastro,1,0
WPH_74,OFRA,HH,HP,60,,prop_exo,0.2,0
WPH_74,OFRA,HH,HP,60,,degr_symb,1,0
WPH_74,OFRA,HH,HP,60,5,gastro,1,0
WPH_74,OFRA,HH,HP,60,,prop_exo,0,0
WPH_74,OFRA,HH,HP,60,,degr_symb,1,0
WPH_74,OFRA,HH,HP,60,,symb_vac,0.610214895,0
WPH_74,OFRA,HH,HP,60,,symb_vac,0.788512324,0
WPH_74,OFRA,HH,HP,60,,symb_vac,0.683183908,0
WPH_74,OFRA,HH,HP,60,,symb_vac,0.743065576,0
WPH_74,OFRA,HH,HP,60,,symb_vac,0.698217268,0
WPH_74,OFRA,HH,HP,60,,symb_vac,0.655993518,0
WPH_74,OFRA,HH,HP,60,,symb_vac,0.702690641,0
WPH_74,OFRA,HH,HP,60,,symb_vac,0.785709678,0
WPH_74,OFRA,HH,HP,60,,symb_vac,0.808386484,0
WPH_74,OFRA,HH,HP,60,,symb_vac,0.742681893,0
WPH_74,OFRA,HH,HP,60,,symb_vac,0.670909442,0
WPH_74,OFRA,HH,HP,60,,symb_vac,0.775346164,0
WPH_74,OFRA,HH,HP,60,,symb_vac,0.730349376,0
WPH_74,OFRA,HH,HP,60,,symb_vac,0.609489992,0
WPH_74,OFRA,HH,HP,60,,symb_vac,0.709318276,0
WPH_74,OFRA,HH,HP,60,,min_symb,21.284,0
WPH_74,OFRA,HH,HP,60,,max_vac,78.746,0
WPH_74,OFRA,HH,HP,60,,avg_symb,38.63653333,0
WPH_74,OFRA,HH,HP,60,,avg_vac,54.14346667,0
WPH_03,OFRA,HD,HD,68,1,gastro,1,1
WPH_03,OFRA,HD,HD,68,,prop_exo,0.230769231,1
WPH_03,OFRA,HD,HD,68,,degr_symb,1,1
WPH_03,OFRA,HD,HD,68,2,gastro,0,1
WPH_03,OFRA,HD,HD,68,,prop_exo,0.375,1
WPH_03,OFRA,HD,HD,68,,degr_symb,1,1
WPH_03,OFRA,HD,HD,68,3,gastro,1,1
WPH_03,OFRA,HD,HD,68,,prop_exo,0,1
WPH_03,OFRA,HD,HD,68,,degr_symb,1,1
WPH_03,OFRA,HD,HD,68,4,gastro,1,1
WPH_03,OFRA,HD,HD,68,,prop_exo,0.333333333,1
WPH_03,OFRA,HD,HD,68,,degr_symb,1,1
WPH_03,OFRA,HD,HD,68,5,gastro,1,1
WPH_03,OFRA,HD,HD,68,,prop_exo,0.1,1
WPH_03,OFRA,HD,HD,68,,degr_symb,1,1
WPH_03,OFRA,HD,HD,68,,symb_vac,0.665018821,1
WPH_03,OFRA,HD,HD,68,,symb_vac,0.76950827,1
WPH_03,OFRA,HD,HD,68,,symb_vac,0.658406782,1
WPH_03,OFRA,HD,HD,68,,symb_vac,0.634349084,1
WPH_03,OFRA,HD,HD,68,,symb_vac,0.802194042,1
WPH_03,OFRA,HD,HD,68,,symb_vac,0.64726035,1
WPH_03,OFRA,HD,HD,68,,symb_vac,0.708867175,1
WPH_03,OFRA,HD,HD,68,,symb_vac,0.647079005,1
WPH_03,OFRA,HD,HD,68,,symb_vac,0.707957317,1
WPH_03,OFRA,HD,HD,68,,symb_vac,0.80322048,1
WPH_03,OFRA,HD,HD,68,,symb_vac,0.694657722,1
WPH_03,OFRA,HD,HD,68,,symb_vac,0.843513229,1
WPH_03,OFRA,HD,HD,68,,symb_vac,0.696956938,1
WPH_03,OFRA,HD,HD,68,,symb_vac,0.700338783,1
WPH_03,OFRA,HD,HD,68,,symb_vac,0.784001685,1
WPH_03,OFRA,HD,HD,68,,min_symb,37.119,1
WPH_03,OFRA,HD,HD,68,,max_vac,98.656,1
WPH_03,OFRA,HD,HD,68,,avg_symb,42.25273333,1
WPH_03,OFRA,HD,HD,68,,avg_vac,59.33813333,1
WPH_21,OFRA,DD,DD,49,1,gastro,0,1
WPH_21,OFRA,DD,DD,49,,prop_exo,0.2,1
WPH_21,OFRA,DD,DD,49,,degr_symb,1,1
WPH_21,OFRA,DD,DD,49,2,gastro,0,1
WPH_21,OFRA,DD,DD,49,,prop_exo,0,1
WPH_21,OFRA,DD,DD,49,,degr_symb,1,1
WPH_21,OFRA,DD,DD,49,3,gastro,1,1
WPH_21,OFRA,DD,DD,49,,prop_exo,0,1
WPH_21,OFRA,DD,DD,49,,degr_symb,1,1
WPH_21,OFRA,DD,DD,49,4,gastro,1,1
WPH_21,OFRA,DD,DD,49,,prop_exo,0,1
WPH_21,OFRA,DD,DD,49,,degr_symb,1,1
WPH_21,OFRA,DD,DD,49,5,gastro,1,1
WPH_21,OFRA,DD,DD,49,,prop_exo,0,1
WPH_21,OFRA,DD,DD,49,,degr_symb,1,1
WPH_21,OFRA,DD,DD,49,,symb_vac,0.775685907,1
WPH_21,OFRA,DD,DD,49,,symb_vac,0.616519693,1
WPH_21,OFRA,DD,DD,49,,symb_vac,0.71784007,1
WPH_21,OFRA,DD,DD,49,,symb_vac,0.85205732,1
WPH_21,OFRA,DD,DD,49,,symb_vac,0.719598129,1
WPH_21,OFRA,DD,DD,49,,symb_vac,0.653676406,1
WPH_21,OFRA,DD,DD,49,,symb_vac,0.606287985,1
WPH_21,OFRA,DD,DD,49,,symb_vac,0.72133725,1
WPH_21,OFRA,DD,DD,49,,symb_vac,0.759624727,1
WPH_21,OFRA,DD,DD,49,,symb_vac,0.707341422,1
WPH_21,OFRA,DD,DD,49,,symb_vac,0.588270167,1
WPH_21,OFRA,DD,DD,49,,symb_vac,0.765019935,1
WPH_21,OFRA,DD,DD,49,,symb_vac,0.74484446,1
WPH_21,OFRA,DD,DD,49,,symb_vac,0.62292036,1
WPH_21,OFRA,DD,DD,49,,symb_vac,0.740532334,1
WPH_21,OFRA,DD,DD,49,,min_symb,26.428,1
WPH_21,OFRA,DD,DD,49,,max_vac,85.56,1
WPH_21,OFRA,DD,DD,49,,avg_symb,45.8376,1
WPH_21,OFRA,DD,DD,49,,avg_vac,65.4978,1
WPH_11,OFRA,HH,HH,55,1,gastro,1,0
WPH_11,OFRA,HH,HH,55,,prop_exo,0.181818182,0
WPH_11,OFRA,HH,HH,55,,degr_symb,1,0
WPH_11,OFRA,HH,HH,55,2,gastro,1,0
WPH_11,OFRA,HH,HH,55,,prop_exo,0.4,0
WPH_11,OFRA,HH,HH,55,,degr_symb,1,0
WPH_11,OFRA,HH,HH,55,3,gastro,1,0
WPH_11,OFRA,HH,HH,55,,prop_exo,0.290322581,0
WPH_11,OFRA,HH,HH,55,,degr_symb,1,0
WPH_11,OFRA,HH,HH,55,4,gastro,1,0
WPH_11,OFRA,HH,HH,55,,prop_exo,0.294117647,0
WPH_11,OFRA,HH,HH,55,,degr_symb,1,0
WPH_11,OFRA,HH,HH,55,5,gastro,1,0
WPH_11,OFRA,HH,HH,55,,prop_exo,0.222222222,0
WPH_11,OFRA,HH,HH,55,,degr_symb,1,0
WPH_11,OFRA,HH,HH,55,,symb_vac,0.565769925,0
WPH_11,OFRA,HH,HH,55,,symb_vac,0.711415855,0
WPH_11,OFRA,HH,HH,55,,symb_vac,0.641016217,0
WPH_11,OFRA,HH,HH,55,,symb_vac,0.560733721,0
WPH_11,OFRA,HH,HH,55,,symb_vac,0.62835922,0
WPH_11,OFRA,HH,HH,55,,symb_vac,0.831825535,0
WPH_11,OFRA,HH,HH,55,,symb_vac,0.558299188,0
WPH_11,OFRA,HH,HH,55,,symb_vac,0.774595331,0
WPH_11,OFRA,HH,HH,55,,symb_vac,0.644241913,0
WPH_11,OFRA,HH,HH,55,,symb_vac,0.628476485,0
WPH_11,OFRA,HH,HH,55,,symb_vac,0.711274712,0
WPH_11,OFRA,HH,HH,55,,symb_vac,0.782091238,0
WPH_11,OFRA,HH,HH,55,,symb_vac,0.815419156,0
WPH_11,OFRA,HH,HH,55,,symb_vac,0.818502181,0
WPH_11,OFRA,HH,HH,55,,symb_vac,0.801895834,0
WPH_11,OFRA,HH,HH,55,,min_symb,21.325,0
WPH_11,OFRA,HH,HH,55,,max_vac,80.023,0
WPH_11,OFRA,HH,HH,55,,avg_symb,36.38946667,0
WPH_11,OFRA,HH,HH,55,,avg_vac,51.75166667,0
WPH_16,OFRA,HD,HD,46,1,gastro,0,1
WPH_16,OFRA,HD,HD,46,,prop_exo,0.095238095,1
WPH_16,OFRA,HD,HD,46,,degr_symb,1,1
WPH_16,OFRA,HD,HD,46,2,gastro,0,1
WPH_16,OFRA,HD,HD,46,,prop_exo,0.095238095,1
WPH_16,OFRA,HD,HD,46,,degr_symb,1,1
WPH_16,OFRA,HD,HD,46,3,gastro,1,1
WPH_16,OFRA,HD,HD,46,,prop_exo,0.4,1
WPH_16,OFRA,HD,HD,46,,degr_symb,1,1
WPH_16,OFRA,HD,HD,46,4,gastro,1,1
WPH_16,OFRA,HD,HD,46,,prop_exo,0.111111111,1
WPH_16,OFRA,HD,HD,46,,degr_symb,1,1
WPH_16,OFRA,HD,HD,46,5,gastro,1,1
WPH_16,OFRA,HD,HD,46,,prop_exo,0,1
WPH_16,OFRA,HD,HD,46,,degr_symb,1,1
WPH_16,OFRA,HD,HD,46,,symb_vac,0.642250872,1
WPH_16,OFRA,HD,HD,46,,symb_vac,0.776976694,1
WPH_16,OFRA,HD,HD,46,,symb_vac,0.752580771,1
WPH_16,OFRA,HD,HD,46,,symb_vac,0.624274865,1
WPH_16,OFRA,HD,HD,46,,symb_vac,0.632232286,1
WPH_16,OFRA,HD,HD,46,,symb_vac,0.70536089,1
WPH_16,OFRA,HD,HD,46,,symb_vac,0.753571494,1
WPH_16,OFRA,HD,HD,46,,symb_vac,0.619770702,1
WPH_16,OFRA,HD,HD,46,,symb_vac,0.766854961,1
WPH_16,OFRA,HD,HD,46,,symb_vac,0.69910604,1
WPH_16,OFRA,HD,HD,46,,symb_vac,0.743833622,1
WPH_16,OFRA,HD,HD,46,,symb_vac,0.859787167,1
WPH_16,OFRA,HD,HD,46,,symb_vac,0.547741787,1
WPH_16,OFRA,HD,HD,46,,symb_vac,0.867654049,1
WPH_16,OFRA,HD,HD,46,,symb_vac,0.81606547,1
WPH_16,OFRA,HD,HD,46,,min_symb,27.997,1
WPH_16,OFRA,HD,HD,46,,max_vac,73.607,1
WPH_16,OFRA,HD,HD,46,,avg_symb,39.9338,1
WPH_16,OFRA,HD,HD,46,,avg_vac,56.20133333,1
WPH_75,OFRA,HH,HP,59,1,gastro,1,0
WPH_75,OFRA,HH,HP,59,,prop_exo,0.333333333,0
WPH_75,OFRA,HH,HP,59,,degr_symb,1,0
WPH_75,OFRA,HH,HP,59,2,gastro,0,0
WPH_75,OFRA,HH,HP,59,,prop_exo,0.2,0
WPH_75,OFRA,HH,HP,59,,degr_symb,1,0
WPH_75,OFRA,HH,HP,59,3,gastro,1,0
WPH_75,OFRA,HH,HP,59,,prop_exo,0.125,0
WPH_75,OFRA,HH,HP,59,,degr_symb,1,0
WPH_75,OFRA,HH,HP,59,4,gastro,0,0
WPH_75,OFRA,HH,HP,59,,prop_exo,0.148148148,0
WPH_75,OFRA,HH,HP,59,,degr_symb,1,0
WPH_75,OFRA,HH,HP,59,5,gastro,0,0
WPH_75,OFRA,HH,HP,59,,prop_exo,0,0
WPH_75,OFRA,HH,HP,59,,degr_symb,1,0
WPH_75,OFRA,HH,HP,59,,symb_vac,0.568320595,0
WPH_75,OFRA,HH,HP,59,,symb_vac,0.701903193,0
WPH_75,OFRA,HH,HP,59,,symb_vac,0.65733585,0
WPH_75,OFRA,HH,HP,59,,symb_vac,0.73471731,0
WPH_75,OFRA,HH,HP,59,,symb_vac,0.670688104,0
WPH_75,OFRA,HH,HP,59,,symb_vac,0.882991224,0
WPH_75,OFRA,HH,HP,59,,symb_vac,0.714147671,0
WPH_75,OFRA,HH,HP,59,,symb_vac,0.607765879,0
WPH_75,OFRA,HH,HP,59,,symb_vac,0.698708656,0
WPH_75,OFRA,HH,HP,59,,symb_vac,0.607883475,0
WPH_75,OFRA,HH,HP,59,,symb_vac,0.791652027,0
WPH_75,OFRA,HH,HP,59,,symb_vac,0.55738852,0
WPH_75,OFRA,HH,HP,59,,symb_vac,0.619298726,0
WPH_75,OFRA,HH,HP,59,,symb_vac,0.815443256,0
WPH_75,OFRA,HH,HP,59,,symb_vac,0.651072485,0
WPH_75,OFRA,HH,HP,59,,min_symb,20.712,0
WPH_75,OFRA,HH,HP,59,,max_vac,66.595,0
WPH_75,OFRA,HH,HP,59,,avg_symb,33.71706667,0
WPH_75,OFRA,HH,HP,59,,avg_vac,49.08466667,0
WPH_10,PAST,HD,HD,44,1,gastro,1,1
WPH_10,PAST,HD,HD,44,,prop_exo,0.277777778,1
WPH_10,PAST,HD,HD,44,,degr_symb,1,1
WPH_10,PAST,HD,HD,44,2,gastro,1,1
WPH_10,PAST,HD,HD,44,,prop_exo,0,1
WPH_10,PAST,HD,HD,44,,degr_symb,1,1
WPH_10,PAST,HD,HD,44,3,gastro,1,1
WPH_10,PAST,HD,HD,44,,prop_exo,0,1
WPH_10,PAST,HD,HD,44,,degr_symb,1,1
WPH_10,PAST,HD,HD,44,4,gastro,1,1
WPH_10,PAST,HD,HD,44,,prop_exo,0,1
WPH_10,PAST,HD,HD,44,,degr_symb,1,1
WPH_10,PAST,HD,HD,44,5,gastro,1,1
WPH_10,PAST,HD,HD,44,,prop_exo,0,1
WPH_10,PAST,HD,HD,44,,degr_symb,1,1
WPH_10,PAST,HD,HD,44,,symb_vac,0.802013722,1
WPH_10,PAST,HD,HD,44,,symb_vac,0.695284915,1
WPH_10,PAST,HD,HD,44,,symb_vac,0.665578673,1
WPH_10,PAST,HD,HD,44,,symb_vac,0.617382228,1
WPH_10,PAST,HD,HD,44,,symb_vac,0.687142875,1
WPH_10,PAST,HD,HD,44,,symb_vac,0.630956178,1
WPH_10,PAST,HD,HD,44,,symb_vac,0.636360364,1
WPH_10,PAST,HD,HD,44,,symb_vac,0.988311933,1
WPH_10,PAST,HD,HD,44,,symb_vac,0.529473853,1
WPH_10,PAST,HD,HD,44,,symb_vac,0.664357633,1
WPH_10,PAST,HD,HD,44,,symb_vac,0.72584151,1
WPH_10,PAST,HD,HD,44,,symb_vac,0.704865172,1
WPH_10,PAST,HD,HD,44,,symb_vac,0.558128472,1
WPH_10,PAST,HD,HD,44,,symb_vac,0.738113811,1
WPH_10,PAST,HD,HD,44,,symb_vac,0.680615701,1
WPH_10,PAST,HD,HD,44,,min_symb,29.333,1
WPH_10,PAST,HD,HD,44,,max_vac,79.979,1
WPH_10,PAST,HD,HD,44,,avg_symb,41.95353333,1
WPH_10,PAST,HD,HD,44,,avg_vac,61.40153333,1
WPH_19,OFRA,HH,HH,53,1,gastro,1,0
WPH_19,OFRA,HH,HH,53,,prop_exo,0.28,0
WPH_19,OFRA,HH,HH,53,,degr_symb,1,0
WPH_19,OFRA,HH,HH,53,2,gastro,1,0
WPH_19,OFRA,HH,HH,53,,prop_exo,0.2,0
WPH_19,OFRA,HH,HH,53,,degr_symb,1,0
WPH_19,OFRA,HH,HH,53,3,gastro,1,0
WPH_19,OFRA,HH,HH,53,,prop_exo,0.125,0
WPH_19,OFRA,HH,HH,53,,degr_symb,1,0
WPH_19,OFRA,HH,HH,53,4,gastro,1,0
WPH_19,OFRA,HH,HH,53,,prop_exo,0.25,0
WPH_19,OFRA,HH,HH,53,,degr_symb,1,0
WPH_19,OFRA,HH,HH,53,5,gastro,1,0
WPH_19,OFRA,HH,HH,53,,prop_exo,0.153846154,0
WPH_19,OFRA,HH,HH,53,,degr_symb,1,0
WPH_19,OFRA,HH,HH,53,,symb_vac,0.723572469,0
WPH_19,OFRA,HH,HH,53,,symb_vac,0.738132759,0
WPH_19,OFRA,HH,HH,53,,symb_vac,0.524820965,0
WPH_19,OFRA,HH,HH,53,,symb_vac,0.755751499,0
WPH_19,OFRA,HH,HH,53,,symb_vac,0.665705929,0
WPH_19,OFRA,HH,HH,53,,symb_vac,0.659385445,0
WPH_19,OFRA,HH,HH,53,,symb_vac,0.681270566,0
WPH_19,OFRA,HH,HH,53,,symb_vac,0.836357566,0
WPH_19,OFRA,HH,HH,53,,symb_vac,0.72746906,0
WPH_19,OFRA,HH,HH,53,,symb_vac,0.685766423,0
WPH_19,OFRA,HH,HH,53,,symb_vac,0.758771126,0
WPH_19,OFRA,HH,HH,53,,symb_vac,0.717623419,0
WPH_19,OFRA,HH,HH,53,,symb_vac,0.7652395,0
WPH_19,OFRA,HH,HH,53,,symb_vac,0.625052783,0
WPH_19,OFRA,HH,HH,53,,symb_vac,0.58043364,0
WPH_19,OFRA,HH,HH,53,,min_symb,18.766,0
WPH_19,OFRA,HH,HH,53,,max_vac,77.327,0
WPH_19,OFRA,HH,HH,53,,avg_symb,35.4014,0
WPH_19,OFRA,HH,HH,53,,avg_vac,50.5276,0
WPH_79,PAST,HD,HD,65,1,gastro,1,1
WPH_79,PAST,HD,HD,65,,prop_exo,0,1
WPH_79,PAST,HD,HD,65,,degr_symb,1,1
WPH_79,PAST,HD,HD,65,2,gastro,1,1
WPH_79,PAST,HD,HD,65,,prop_exo,0.142857143,1
WPH_79,PAST,HD,HD,65,,degr_symb,1,1
WPH_79,PAST,HD,HD,65,3,gastro,1,1
WPH_79,PAST,HD,HD,65,,prop_exo,0,1
WPH_79,PAST,HD,HD,65,,degr_symb,1,1
WPH_79,PAST,HD,HD,65,4,gastro,1,1
WPH_79,PAST,HD,HD,65,,prop_exo,0,1
WPH_79,PAST,HD,HD,65,,degr_symb,1,1
WPH_79,PAST,HD,HD,65,5,gastro,1,1
WPH_79,PAST,HD,HD,65,,prop_exo,0,1
WPH_79,PAST,HD,HD,65,,degr_symb,1,1
WPH_79,PAST,HD,HD,65,,symb_vac,0.828751234,1
WPH_79,PAST,HD,HD,65,,symb_vac,0.736216311,1
WPH_79,PAST,HD,HD,65,,symb_vac,0.711446002,1
WPH_79,PAST,HD,HD,65,,symb_vac,0.752893161,1
WPH_79,PAST,HD,HD,65,,symb_vac,0.65273354,1
WPH_79,PAST,HD,HD,65,,symb_vac,0.690078803,1
WPH_79,PAST,HD,HD,65,,symb_vac,0.67732101,1
WPH_79,PAST,HD,HD,65,,symb_vac,0.794999027,1
WPH_79,PAST,HD,HD,65,,symb_vac,0.707598774,1
WPH_79,PAST,HD,HD,65,,symb_vac,0.861176471,1
WPH_79,PAST,HD,HD,65,,symb_vac,0.89740249,1
WPH_79,PAST,HD,HD,65,,symb_vac,0.805558573,1
WPH_79,PAST,HD,HD,65,,symb_vac,0.784022323,1
WPH_79,PAST,HD,HD,65,,symb_vac,0.741063114,1
WPH_79,PAST,HD,HD,65,,symb_vac,0.749928917,1
WPH_79,PAST,HD,HD,65,,min_symb,35.218,1
WPH_79,PAST,HD,HD,65,,max_vac,110.783,1
WPH_79,PAST,HD,HD,65,,avg_symb,52.95273333,1
WPH_79,PAST,HD,HD,65,,avg_vac,69.62893333,1
WPH_14,OFRA,HH,HH,51,1,gastro,1,0
WPH_14,OFRA,HH,HH,51,,prop_exo,0,0
WPH_14,OFRA,HH,HH,51,,degr_symb,1,0
WPH_14,OFRA,HH,HH,51,2,gastro,1,0
WPH_14,OFRA,HH,HH,51,,prop_exo,0.076923077,0
WPH_14,OFRA,HH,HH,51,,degr_symb,1,0
WPH_14,OFRA,HH,HH,51,3,gastro,1,0
WPH_14,OFRA,HH,HH,51,,prop_exo,0.222222222,0
WPH_14,OFRA,HH,HH,51,,degr_symb,1,0
WPH_14,OFRA,HH,HH,51,4,gastro,1,0
WPH_14,OFRA,HH,HH,51,,prop_exo,0,0
WPH_14,OFRA,HH,HH,51,,degr_symb,1,0
WPH_14,OFRA,HH,HH,51,5,gastro,1,0
WPH_14,OFRA,HH,HH,51,,prop_exo,0.142857143,0
WPH_14,OFRA,HH,HH,51,,degr_symb,1,0
WPH_14,OFRA,HH,HH,51,,symb_vac,0.694002963,0
WPH_14,OFRA,HH,HH,51,,symb_vac,0.797314611,0
WPH_14,OFRA,HH,HH,51,,symb_vac,0.834344179,0
WPH_14,OFRA,HH,HH,51,,symb_vac,0.784674721,0
WPH_14,OFRA,HH,HH,51,,symb_vac,0.619420196,0
WPH_14,OFRA,HH,HH,51,,symb_vac,0.771228678,0
WPH_14,OFRA,HH,HH,51,,symb_vac,0.767591445,0
WPH_14,OFRA,HH,HH,51,,symb_vac,0.814783868,0
WPH_14,OFRA,HH,HH,51,,symb_vac,0.672516473,0
WPH_14,OFRA,HH,HH,51,,symb_vac,0.711307166,0
WPH_14,OFRA,HH,HH,51,,symb_vac,0.825394709,0
WPH_14,OFRA,HH,HH,51,,symb_vac,0.599656506,0
WPH_14,OFRA,HH,HH,51,,symb_vac,0.69963771,0
WPH_14,OFRA,HH,HH,51,,symb_vac,0.704608019,0
WPH_14,OFRA,HH,HH,51,,symb_vac,0.627464501,0
WPH_14,OFRA,HH,HH,51,,min_symb,24.569,0
WPH_14,OFRA,HH,HH,51,,max_vac,83.31,0
WPH_14,OFRA,HH,HH,51,,avg_symb,37.5532,0
WPH_14,OFRA,HH,HH,51,,avg_vac,51.9874,0
WPH_06,OFRA,DD,DD,68,1,gastro,0,1
WPH_06,OFRA,DD,DD,68,,prop_exo,0.3,1
WPH_06,OFRA,DD,DD,68,,degr_symb,1,1
WPH_06,OFRA,DD,DD,68,2,gastro,1,1
WPH_06,OFRA,DD,DD,68,,prop_exo,0.19047619,1
WPH_06,OFRA,DD,DD,68,,degr_symb,1,1
WPH_06,OFRA,DD,DD,68,3,gastro,1,1
WPH_06,OFRA,DD,DD,68,,prop_exo,0.2,1
WPH_06,OFRA,DD,DD,68,,degr_symb,1,1
WPH_06,OFRA,DD,DD,68,4,gastro,0,1
WPH_06,OFRA,DD,DD,68,,prop_exo,0,1
WPH_06,OFRA,DD,DD,68,,degr_symb,1,1
WPH_06,OFRA,DD,DD,68,5,gastro,0,1
WPH_06,OFRA,DD,DD,68,,prop_exo,0.166666667,1
WPH_06,OFRA,DD,DD,68,,degr_symb,1,1
WPH_06,OFRA,DD,DD,68,,symb_vac,0.723417421,1
WPH_06,OFRA,DD,DD,68,,symb_vac,0.744168397,1
WPH_06,OFRA,DD,DD,68,,symb_vac,0.66654553,1
WPH_06,OFRA,DD,DD,68,,symb_vac,0.613331345,1
WPH_06,OFRA,DD,DD,68,,symb_vac,0.727968096,1
WPH_06,OFRA,DD,DD,68,,symb_vac,0.633187558,1
WPH_06,OFRA,DD,DD,68,,symb_vac,0.776010999,1
WPH_06,OFRA,DD,DD,68,,symb_vac,0.743719654,1
WPH_06,OFRA,DD,DD,68,,symb_vac,0.652154022,1
WPH_06,OFRA,DD,DD,68,,symb_vac,0.711608868,1
WPH_06,OFRA,DD,DD,68,,symb_vac,0.696777294,1
WPH_06,OFRA,DD,DD,68,,symb_vac,0.773342059,1
WPH_06,OFRA,DD,DD,68,,symb_vac,0.732944955,1
WPH_06,OFRA,DD,DD,68,,symb_vac,0.792080253,1
WPH_06,OFRA,DD,DD,68,,symb_vac,0.721283139,1
WPH_06,OFRA,DD,DD,68,,min_symb,24.678,1
WPH_06,OFRA,DD,DD,68,,max_vac,71.055,1
WPH_06,OFRA,DD,DD,68,,avg_symb,34.0964,1
WPH_06,OFRA,DD,DD,68,,avg_vac,47.73006667,1
WPH_44,PAST,HH,HH,58,1,gastro,1,0
WPH_44,PAST,HH,HH,58,,prop_exo,0.375,0
WPH_44,PAST,HH,HH,58,,degr_symb,1,0
WPH_44,PAST,HH,HH,58,2,gastro,1,0
WPH_44,PAST,HH,HH,58,,prop_exo,0.307692308,0
WPH_44,PAST,HH,HH,58,,degr_symb,1,0
WPH_44,PAST,HH,HH,58,3,gastro,1,0
WPH_44,PAST,HH,HH,58,,prop_exo,0.375,0
WPH_44,PAST,HH,HH,58,,degr_symb,1,0
WPH_44,PAST,HH,HH,58,4,gastro,1,0
WPH_44,PAST,HH,HH,58,,prop_exo,0,0
WPH_44,PAST,HH,HH,58,,degr_symb,1,0
WPH_44,PAST,HH,HH,58,5,gastro,1,0
WPH_44,PAST,HH,HH,58,,prop_exo,0.222222222,0
WPH_44,PAST,HH,HH,58,,degr_symb,1,0
WPH_44,PAST,HH,HH,58,,symb_vac,0.781556236,0
WPH_44,PAST,HH,HH,58,,symb_vac,0.718372597,0
WPH_44,PAST,HH,HH,58,,symb_vac,0.844902178,0
WPH_44,PAST,HH,HH,58,,symb_vac,0.903794423,0
WPH_44,PAST,HH,HH,58,,symb_vac,0.753150283,0
WPH_44,PAST,HH,HH,58,,symb_vac,0.712180747,0
WPH_44,PAST,HH,HH,58,,symb_vac,0.736474119,0
WPH_44,PAST,HH,HH,58,,symb_vac,0.663835639,0
WPH_44,PAST,HH,HH,58,,symb_vac,0.660366567,0
WPH_44,PAST,HH,HH,58,,symb_vac,0.743869123,0
WPH_44,PAST,HH,HH,58,,symb_vac,0.72787011,0
WPH_44,PAST,HH,HH,58,,symb_vac,0.590681053,0
WPH_44,PAST,HH,HH,58,,symb_vac,0.671481348,0
WPH_44,PAST,HH,HH,58,,symb_vac,0.660529023,0
WPH_44,PAST,HH,HH,58,,symb_vac,0.697841568,0
WPH_44,PAST,HH,HH,58,,min_symb,31.749,0
WPH_44,PAST,HH,HH,58,,max_vac,80.807,0
WPH_44,PAST,HH,HH,58,,avg_symb,46.836,0
WPH_44,PAST,HH,HH,58,,avg_vac,65.08973333,0
WPH_20,OFRA,HH,HH,52,1,gastro,1,0
WPH_20,OFRA,HH,HH,52,,prop_exo,0.315789474,0
WPH_20,OFRA,HH,HH,52,,degr_symb,1,0
WPH_20,OFRA,HH,HH,52,2,gastro,0,0
WPH_20,OFRA,HH,HH,52,,prop_exo,0.454545455,0
WPH_20,OFRA,HH,HH,52,,degr_symb,1,0
WPH_20,OFRA,HH,HH,52,3,gastro,0,0
WPH_20,OFRA,HH,HH,52,,prop_exo,0.125,0
WPH_20,OFRA,HH,HH,52,,degr_symb,1,0
WPH_20,OFRA,HH,HH,52,4,gastro,1,0
WPH_20,OFRA,HH,HH,52,,prop_exo,0,0
WPH_20,OFRA,HH,HH,52,,degr_symb,1,0
WPH_20,OFRA,HH,HH,52,5,gastro,1,0
WPH_20,OFRA,HH,HH,52,,prop_exo,0.333333333,0
WPH_20,OFRA,HH,HH,52,,degr_symb,1,0
WPH_20,OFRA,HH,HH,52,,symb_vac,0.571587218,0
WPH_20,OFRA,HH,HH,52,,symb_vac,0.779465436,0
WPH_20,OFRA,HH,HH,52,,symb_vac,0.693765475,0
WPH_20,OFRA,HH,HH,52,,symb_vac,0.712347785,0
WPH_20,OFRA,HH,HH,52,,symb_vac,0.845026333,0
WPH_20,OFRA,HH,HH,52,,symb_vac,0.627799809,0
WPH_20,OFRA,HH,HH,52,,symb_vac,0.650325192,0
WPH_20,OFRA,HH,HH,52,,symb_vac,0.62256675,0
WPH_20,OFRA,HH,HH,52,,symb_vac,0.730438192,0
WPH_20,OFRA,HH,HH,52,,symb_vac,0.654007116,0
WPH_20,OFRA,HH,HH,52,,symb_vac,0.697816734,0
WPH_20,OFRA,HH,HH,52,,symb_vac,0.820382306,0
WPH_20,OFRA,HH,HH,52,,symb_vac,0.683196442,0
WPH_20,OFRA,HH,HH,52,,symb_vac,0.724460432,0
WPH_20,OFRA,HH,HH,52,,symb_vac,0.582068982,0
WPH_20,OFRA,HH,HH,52,,min_symb,27.279,0
WPH_20,OFRA,HH,HH,52,,max_vac,84.892,0
WPH_20,OFRA,HH,HH,52,,avg_symb,43.6654,0
WPH_20,OFRA,HH,HH,52,,avg_vac,63.1356,0
WPH_07,PAST,HD,HD,65,1,gastro,1,1
WPH_07,PAST,HD,HD,65,,prop_exo,0,1
WPH_07,PAST,HD,HD,65,,degr_symb,1,1
WPH_07,PAST,HD,HD,65,2,gastro,1,1
WPH_07,PAST,HD,HD,65,,prop_exo,0.25,1
WPH_07,PAST,HD,HD,65,,degr_symb,1,1
WPH_07,PAST,HD,HD,65,3,gastro,1,1
WPH_07,PAST,HD,HD,65,,prop_exo,0,1
WPH_07,PAST,HD,HD,65,,degr_symb,1,1
WPH_07,PAST,HD,HD,65,4,gastro,1,1
WPH_07,PAST,HD,HD,65,,prop_exo,0,1
WPH_07,PAST,HD,HD,65,,degr_symb,1,1
WPH_07,PAST,HD,HD,65,5,gastro,1,1
WPH_07,PAST,HD,HD,65,,prop_exo,0.222222222,1
WPH_07,PAST,HD,HD,65,,degr_symb,1,1
WPH_07,PAST,HD,HD,65,,symb_vac,0.71129716,1
WPH_07,PAST,HD,HD,65,,symb_vac,0.720174917,1
WPH_07,PAST,HD,HD,65,,symb_vac,0.803127177,1
WPH_07,PAST,HD,HD,65,,symb_vac,0.882265007,1
WPH_07,PAST,HD,HD,65,,symb_vac,0.747667897,1
WPH_07,PAST,HD,HD,65,,symb_vac,0.731070632,1
WPH_07,PAST,HD,HD,65,,symb_vac,0.712333186,1
WPH_07,PAST,HD,HD,65,,symb_vac,0.588817642,1
WPH_07,PAST,HD,HD,65,,symb_vac,0.784950979,1
WPH_07,PAST,HD,HD,65,,symb_vac,0.783443873,1
WPH_07,PAST,HD,HD,65,,symb_vac,0.554724781,1
WPH_07,PAST,HD,HD,65,,symb_vac,0.538745969,1
WPH_07,PAST,HD,HD,65,,symb_vac,0.687374129,1
WPH_07,PAST,HD,HD,65,,symb_vac,0.728775536,1
WPH_07,PAST,HD,HD,65,,symb_vac,0.85490067,1
WPH_07,PAST,HD,HD,65,,min_symb,37.591,1
WPH_07,PAST,HD,HD,65,,max_vac,124.993,1
WPH_07,PAST,HD,HD,65,,avg_symb,57.25073333,1
WPH_07,PAST,HD,HD,65,,avg_vac,79.14513333,1
WPH_72,OFRA,HH,HP,64,1,gastro,1,0
WPH_72,OFRA,HH,HP,64,,prop_exo,0.5,0
WPH_72,OFRA,HH,HP,64,,degr_symb,1,0
WPH_72,OFRA,HH,HP,64,2,gastro,1,0
WPH_72,OFRA,HH,HP,64,,prop_exo,0.125,0
WPH_72,OFRA,HH,HP,64,,degr_symb,1,0
WPH_72,OFRA,HH,HP,64,3,gastro,1,0
WPH_72,OFRA,HH,HP,64,,prop_exo,0.228571429,0
WPH_72,OFRA,HH,HP,64,,degr_symb,1,0
WPH_72,OFRA,HH,HP,64,4,gastro,1,0
WPH_72,OFRA,HH,HP,64,,prop_exo,0.058823529,0
WPH_72,OFRA,HH,HP,64,,degr_symb,1,0
WPH_72,OFRA,HH,HP,64,5,gastro,1,0
WPH_72,OFRA,HH,HP,64,,prop_exo,0,0
WPH_72,OFRA,HH,HP,64,,degr_symb,1,0
WPH_72,OFRA,HH,HP,64,,symb_vac,0.690608121,0
WPH_72,OFRA,HH,HP,64,,symb_vac,0.526505404,0
WPH_72,OFRA,HH,HP,64,,symb_vac,0.701446463,0
WPH_72,OFRA,HH,HP,64,,symb_vac,0.577301359,0
WPH_72,OFRA,HH,HP,64,,symb_vac,0.674617904,0
WPH_72,OFRA,HH,HP,64,,symb_vac,0.707422849,0
WPH_72,OFRA,HH,HP,64,,symb_vac,0.588023419,0
WPH_72,OFRA,HH,HP,64,,symb_vac,0.720284478,0
WPH_72,OFRA,HH,HP,64,,symb_vac,0.661729328,0
WPH_72,OFRA,HH,HP,64,,symb_vac,0.662162362,0
WPH_72,OFRA,HH,HP,64,,symb_vac,0.572562429,0
WPH_72,OFRA,HH,HP,64,,symb_vac,0.633290823,0
WPH_72,OFRA,HH,HP,64,,symb_vac,0.567460082,0
WPH_72,OFRA,HH,HP,64,,symb_vac,0.729174361,0
WPH_72,OFRA,HH,HP,64,,symb_vac,0.607404623,0
WPH_72,OFRA,HH,HP,64,,min_symb,26.12,0
WPH_72,OFRA,HH,HP,64,,max_vac,101.151,0
WPH_72,OFRA,HH,HP,64,,avg_symb,39.72673333,0
WPH_72,OFRA,HH,HP,64,,avg_vac,61.6768,0
WPH_30,OFRA,HD,HD,49,1,gastro,1,1
WPH_30,OFRA,HD,HD,49,,prop_exo,0.333333333,1
WPH_30,OFRA,HD,HD,49,,degr_symb,1,1
WPH_30,OFRA,HD,HD,49,2,gastro,1,1
WPH_30,OFRA,HD,HD,49,,prop_exo,0,1
WPH_30,OFRA,HD,HD,49,,degr_symb,1,1
WPH_30,OFRA,HD,HD,49,3,gastro,1,1
WPH_30,OFRA,HD,HD,49,,prop_exo,0,1
WPH_30,OFRA,HD,HD,49,,degr_symb,1,1
WPH_30,OFRA,HD,HD,49,4,gastro,1,1
WPH_30,OFRA,HD,HD,49,,prop_exo,0.181818182,1
WPH_30,OFRA,HD,HD,49,,degr_symb,1,1
WPH_30,OFRA,HD,HD,49,5,gastro,1,1
WPH_30,OFRA,HD,HD,49,,prop_exo,0.285714286,1
WPH_30,OFRA,HD,HD,49,,degr_symb,1,1
WPH_30,OFRA,HD,HD,49,,symb_vac,0.591142656,1
WPH_30,OFRA,HD,HD,49,,symb_vac,0.771775552,1
WPH_30,OFRA,HD,HD,49,,symb_vac,0.706464907,1
WPH_30,OFRA,HD,HD,49,,symb_vac,0.724050294,1
WPH_30,OFRA,HD,HD,49,,symb_vac,0.670043887,1
WPH_30,OFRA,HD,HD,49,,symb_vac,0.778353502,1
WPH_30,OFRA,HD,HD,49,,symb_vac,0.713789195,1
WPH_30,OFRA,HD,HD,49,,symb_vac,0.73943896,1
WPH_30,OFRA,HD,HD,49,,symb_vac,0.787932835,1
WPH_30,OFRA,HD,HD,49,,symb_vac,0.752090172,1
WPH_30,OFRA,HD,HD,49,,symb_vac,0.506859558,1
WPH_30,OFRA,HD,HD,49,,symb_vac,0.656706343,1
WPH_30,OFRA,HD,HD,49,,symb_vac,0.640842329,1
WPH_30,OFRA,HD,HD,49,,symb_vac,0.791592851,1
WPH_30,OFRA,HD,HD,49,,symb_vac,0.578323692,1
WPH_30,OFRA,HD,HD,49,,min_symb,22.97,1
WPH_30,OFRA,HD,HD,49,,max_vac,78.482,1
WPH_30,OFRA,HD,HD,49,,avg_symb,38.42133333,1
WPH_30,OFRA,HD,HD,49,,avg_vac,55.75913333,1
WPH_08,PAST,DD,DD,48,1,gastro,1,1
WPH_08,PAST,DD,DD,48,,prop_exo,0.076923077,1
WPH_08,PAST,DD,DD,48,,degr_symb,1,1
WPH_08,PAST,DD,DD,48,2,gastro,1,1
WPH_08,PAST,DD,DD,48,,prop_exo,0.4,1
WPH_08,PAST,DD,DD,48,,degr_symb,1,1
WPH_08,PAST,DD,DD,48,3,gastro,1,1
WPH_08,PAST,DD,DD,48,,prop_exo,0,1
WPH_08,PAST,DD,DD,48,,degr_symb,0,1
WPH_08,PAST,DD,DD,48,4,gastro,1,1
WPH_08,PAST,DD,DD,48,,prop_exo,0.5,1
WPH_08,PAST,DD,DD,48,,degr_symb,1,1
WPH_08,PAST,DD,DD,48,5,gastro,1,1
WPH_08,PAST,DD,DD,48,,prop_exo,0.285714286,1
WPH_08,PAST,DD,DD,48,,degr_symb,1,1
WPH_08,PAST,DD,DD,48,,symb_vac,0.394166509,1
WPH_08,PAST,DD,DD,48,,symb_vac,0.659870663,1
WPH_08,PAST,DD,DD,48,,symb_vac,0.396824135,1
WPH_08,PAST,DD,DD,48,,symb_vac,0.341158286,1
WPH_08,PAST,DD,DD,48,,symb_vac,0.569748998,1
WPH_08,PAST,DD,DD,48,,symb_vac,0.403813328,1
WPH_08,PAST,DD,DD,48,,symb_vac,0.505705876,1
WPH_08,PAST,DD,DD,48,,symb_vac,0.386763715,1
WPH_08,PAST,DD,DD,48,,symb_vac,0.485565466,1
WPH_08,PAST,DD,DD,48,,symb_vac,0.518449374,1
WPH_08,PAST,DD,DD,48,,symb_vac,0.44383944,1
WPH_08,PAST,DD,DD,48,,symb_vac,0.393293753,1
WPH_08,PAST,DD,DD,48,,symb_vac,0.529230868,1
WPH_08,PAST,DD,DD,48,,symb_vac,0.566760237,1
WPH_08,PAST,DD,DD,48,,symb_vac,0.492753258,1
WPH_08,PAST,DD,DD,48,,min_symb,24.965,1
WPH_08,PAST,DD,DD,48,,max_vac,130.394,1
WPH_08,PAST,DD,DD,48,,avg_symb,38.11446667,1
WPH_08,PAST,DD,DD,48,,avg_vac,81.8794,1
WPH_28,OFRA,DD,DD,50,1,gastro,1,1
WPH_28,OFRA,DD,DD,50,,prop_exo,0.090909091,1
WPH_28,OFRA,DD,DD,50,,degr_symb,1,1
WPH_28,OFRA,DD,DD,50,2,gastro,1,1
WPH_28,OFRA,DD,DD,50,,prop_exo,0,1
WPH_28,OFRA,DD,DD,50,,degr_symb,1,1
WPH_28,OFRA,DD,DD,50,3,gastro,1,1
WPH_28,OFRA,DD,DD,50,,prop_exo,0.3,1
WPH_28,OFRA,DD,DD,50,,degr_symb,1,1
WPH_28,OFRA,DD,DD,50,4,gastro,1,1
WPH_28,OFRA,DD,DD,50,,prop_exo,0.2,1
WPH_28,OFRA,DD,DD,50,,degr_symb,1,1
WPH_28,OFRA,DD,DD,50,5,gastro,1,1
WPH_28,OFRA,DD,DD,50,,prop_exo,0.375,1
WPH_28,OFRA,DD,DD,50,,degr_symb,1,1
WPH_28,OFRA,DD,DD,50,,symb_vac,0.569949558,1
WPH_28,OFRA,DD,DD,50,,symb_vac,0.406654962,1
WPH_28,OFRA,DD,DD,50,,symb_vac,0.451652232,1
WPH_28,OFRA,DD,DD,50,,symb_vac,0.502941567,1
WPH_28,OFRA,DD,DD,50,,symb_vac,0.445091592,1
WPH_28,OFRA,DD,DD,50,,symb_vac,0.411888287,1
WPH_28,OFRA,DD,DD,50,,symb_vac,0.473799438,1
WPH_28,OFRA,DD,DD,50,,symb_vac,0.420721564,1
WPH_28,OFRA,DD,DD,50,,symb_vac,0.395336659,1
WPH_28,OFRA,DD,DD,50,,symb_vac,0.521072437,1
WPH_28,OFRA,DD,DD,50,,symb_vac,0.47038137,1
WPH_28,OFRA,DD,DD,50,,symb_vac,0.389043625,1
WPH_28,OFRA,DD,DD,50,,symb_vac,0.49645461,1
WPH_28,OFRA,DD,DD,50,,symb_vac,0.382971125,1
WPH_28,OFRA,DD,DD,50,,symb_vac,0.546179326,1
WPH_28,OFRA,DD,DD,50,,min_symb,24.444,1
WPH_28,OFRA,DD,DD,50,,max_vac,106.561,1
WPH_28,OFRA,DD,DD,50,,avg_symb,35.11373333,1
WPH_28,OFRA,DD,DD,50,,avg_vac,76.19806667,1
WPH_34,OFRA,DD,DD,41,1,gastro,1,1
WPH_34,OFRA,DD,DD,41,,prop_exo,0,1
WPH_34,OFRA,DD,DD,41,,degr_symb,1,1
WPH_34,OFRA,DD,DD,41,2,gastro,1,1
WPH_34,OFRA,DD,DD,41,,prop_exo,0.285714286,1
WPH_34,OFRA,DD,DD,41,,degr_symb,1,1
WPH_34,OFRA,DD,DD,41,3,gastro,1,1
WPH_34,OFRA,DD,DD,41,,prop_exo,0.272727273,1
WPH_34,OFRA,DD,DD,41,,degr_symb,1,1
WPH_34,OFRA,DD,DD,41,4,gastro,1,1
WPH_34,OFRA,DD,DD,41,,prop_exo,0.230769231,1
WPH_34,OFRA,DD,DD,41,,degr_symb,1,1
WPH_34,OFRA,DD,DD,41,5,gastro,1,1
WPH_34,OFRA,DD,DD,41,,prop_exo,0,1
WPH_34,OFRA,DD,DD,41,,degr_symb,1,1
WPH_34,OFRA,DD,DD,41,,symb_vac,0.458501111,1
WPH_34,OFRA,DD,DD,41,,symb_vac,0.485817525,1
WPH_34,OFRA,DD,DD,41,,symb_vac,0.478700591,1
WPH_34,OFRA,DD,DD,41,,symb_vac,0.527652685,1
WPH_34,OFRA,DD,DD,41,,symb_vac,0.552348488,1
WPH_34,OFRA,DD,DD,41,,symb_vac,0.408924443,1
WPH_34,OFRA,DD,DD,41,,symb_vac,0.471958793,1
WPH_34,OFRA,DD,DD,41,,symb_vac,0.490158059,1
WPH_34,OFRA,DD,DD,41,,symb_vac,0.461291514,1
WPH_34,OFRA,DD,DD,41,,symb_vac,0.429392179,1
WPH_34,OFRA,DD,DD,41,,symb_vac,0.500841114,1
WPH_34,OFRA,DD,DD,41,,symb_vac,0.488414558,1
WPH_34,OFRA,DD,DD,41,,symb_vac,0.59480861,1
WPH_34,OFRA,DD,DD,41,,symb_vac,0.598276957,1
WPH_34,OFRA,DD,DD,41,,symb_vac,0.586023521,1
WPH_34,OFRA,DD,DD,41,,min_symb,19.987,1
WPH_34,OFRA,DD,DD,41,,max_vac,98.593,1
WPH_34,OFRA,DD,DD,41,,avg_symb,31.35006667,1
WPH_34,OFRA,DD,DD,41,,avg_vac,62.5226,1
WPH_62,OFRA,HH,HP,43,1,gastro,1,0
WPH_62,OFRA,HH,HP,43,,prop_exo,0.142857143,0
WPH_62,OFRA,HH,HP,43,,degr_symb,1,0
WPH_62,OFRA,HH,HP,43,2,gastro,1,0
WPH_62,OFRA,HH,HP,43,,prop_exo,0.153846154,0
WPH_62,OFRA,HH,HP,43,,degr_symb,1,0
WPH_62,OFRA,HH,HP,43,3,gastro,1,0
WPH_62,OFRA,HH,HP,43,,prop_exo,0.428571429,0
WPH_62,OFRA,HH,HP,43,,degr_symb,1,0
WPH_62,OFRA,HH,HP,43,4,gastro,1,0
WPH_62,OFRA,HH,HP,43,,prop_exo,0.263157895,0
WPH_62,OFRA,HH,HP,43,,degr_symb,1,0
WPH_62,OFRA,HH,HP,43,5,gastro,1,0
WPH_62,OFRA,HH,HP,43,,prop_exo,0.357142857,0
WPH_62,OFRA,HH,HP,43,,degr_symb,1,0
WPH_62,OFRA,HH,HP,43,,symb_vac,0.469312759,0
WPH_62,OFRA,HH,HP,43,,symb_vac,0.528546273,0
WPH_62,OFRA,HH,HP,43,,symb_vac,0.444230464,0
WPH_62,OFRA,HH,HP,43,,symb_vac,0.482972136,0
WPH_62,OFRA,HH,HP,43,,symb_vac,0.48472821,0
WPH_62,OFRA,HH,HP,43,,symb_vac,0.412237542,0
WPH_62,OFRA,HH,HP,43,,symb_vac,0.458624417,0
WPH_62,OFRA,HH,HP,43,,symb_vac,0.419006446,0
WPH_62,OFRA,HH,HP,43,,symb_vac,0.350173722,0
WPH_62,OFRA,HH,HP,43,,symb_vac,0.416274303,0
WPH_62,OFRA,HH,HP,43,,symb_vac,0.529305022,0
WPH_62,OFRA,HH,HP,43,,symb_vac,0.485843643,0
WPH_62,OFRA,HH,HP,43,,symb_vac,0.566421435,0
WPH_62,OFRA,HH,HP,43,,symb_vac,0.469914387,0
WPH_62,OFRA,HH,HP,43,,symb_vac,0.497871415,0
WPH_62,OFRA,HH,HP,43,,min_symb,9.877,0
WPH_62,OFRA,HH,HP,43,,max_vac,81.883,0
WPH_62,OFRA,HH,HP,43,,avg_symb,27.01573333,0
WPH_62,OFRA,HH,HP,43,,avg_vac,57.57066667,0
WPH_31,OFRA,HD,HD,31,1,gastro,1,1
WPH_31,OFRA,HD,HD,31,,prop_exo,0.166666667,1
WPH_31,OFRA,HD,HD,31,,degr_symb,1,1
WPH_31,OFRA,HD,HD,31,2,gastro,1,1
WPH_31,OFRA,HD,HD,31,,prop_exo,0.285714286,1
WPH_31,OFRA,HD,HD,31,,degr_symb,1,1
WPH_31,OFRA,HD,HD,31,3,gastro,1,1
WPH_31,OFRA,HD,HD,31,,prop_exo,0.25,1
WPH_31,OFRA,HD,HD,31,,degr_symb,1,1
WPH_31,OFRA,HD,HD,31,4,gastro,0,1
WPH_31,OFRA,HD,HD,31,,prop_exo,0.176470588,1
WPH_31,OFRA,HD,HD,31,,degr_symb,1,1
WPH_31,OFRA,HD,HD,31,5,gastro,1,1
WPH_31,OFRA,HD,HD,31,,prop_exo,0.125,1
WPH_31,OFRA,HD,HD,31,,degr_symb,1,1
WPH_31,OFRA,HD,HD,31,,symb_vac,0.477409529,1
WPH_31,OFRA,HD,HD,31,,symb_vac,0.475352508,1
WPH_31,OFRA,HD,HD,31,,symb_vac,0.409513801,1
WPH_31,OFRA,HD,HD,31,,symb_vac,0.693624178,1
WPH_31,OFRA,HD,HD,31,,symb_vac,0.434009783,1
WPH_31,OFRA,HD,HD,31,,symb_vac,0.573970813,1
WPH_31,OFRA,HD,HD,31,,symb_vac,0.399896088,1
WPH_31,OFRA,HD,HD,31,,symb_vac,0.311914594,1
WPH_31,OFRA,HD,HD,31,,symb_vac,0.569326781,1
WPH_31,OFRA,HD,HD,31,,symb_vac,0.503398584,1
WPH_31,OFRA,HD,HD,31,,symb_vac,0.435514951,1
WPH_31,OFRA,HD,HD,31,,symb_vac,0.551979706,1
WPH_31,OFRA,HD,HD,31,,symb_vac,0.533286363,1
WPH_31,OFRA,HD,HD,31,,symb_vac,0.516991307,1
WPH_31,OFRA,HD,HD,31,,symb_vac,0.548869752,1
WPH_31,OFRA,HD,HD,31,,min_symb,12.388,1
WPH_31,OFRA,HD,HD,31,,max_vac,78.913,1
WPH_31,OFRA,HD,HD,31,,avg_symb,30.03226667,1
WPH_31,OFRA,HD,HD,31,,avg_vac,60.31326667,1
WPH_65,OFRA,HH,HP,61,1,gastro,1,0
WPH_65,OFRA,HH,HP,61,,prop_exo,0.454545455,0
WPH_65,OFRA,HH,HP,61,,degr_symb,1,0
WPH_65,OFRA,HH,HP,61,2,gastro,1,0
WPH_65,OFRA,HH,HP,61,,prop_exo,0.111111111,0
WPH_65,OFRA,HH,HP,61,,degr_symb,1,0
WPH_65,OFRA,HH,HP,61,3,gastro,1,0
WPH_65,OFRA,HH,HP,61,,prop_exo,0.060606061,0
WPH_65,OFRA,HH,HP,61,,degr_symb,1,0
WPH_65,OFRA,HH,HP,61,4,gastro,1,0
WPH_65,OFRA,HH,HP,61,,prop_exo,0.074074074,0
WPH_65,OFRA,HH,HP,61,,degr_symb,1,0
WPH_65,OFRA,HH,HP,61,5,gastro,1,0
WPH_65,OFRA,HH,HP,61,,prop_exo,0.4,0
WPH_65,OFRA,HH,HP,61,,degr_symb,1,0
WPH_65,OFRA,HH,HP,61,,symb_vac,0.565282563,0
WPH_65,OFRA,HH,HP,61,,symb_vac,0.443109803,0
WPH_65,OFRA,HH,HP,61,,symb_vac,0.423363545,0
WPH_65,OFRA,HH,HP,61,,symb_vac,0.579582655,0
WPH_65,OFRA,HH,HP,61,,symb_vac,0.583674319,0
WPH_65,OFRA,HH,HP,61,,symb_vac,0.465661115,0
WPH_65,OFRA,HH,HP,61,,symb_vac,0.307945822,0
WPH_65,OFRA,HH,HP,61,,symb_vac,0.467232414,0
WPH_65,OFRA,HH,HP,61,,symb_vac,0.414329067,0
WPH_65,OFRA,HH,HP,61,,symb_vac,0.437197706,0
WPH_65,OFRA,HH,HP,61,,symb_vac,0.420083724,0
WPH_65,OFRA,HH,HP,61,,symb_vac,0.384979468,0
WPH_65,OFRA,HH,HP,61,,symb_vac,0.450413288,0
WPH_65,OFRA,HH,HP,61,,symb_vac,0.588101195,0
WPH_65,OFRA,HH,HP,61,,symb_vac,0.523080725,0
WPH_65,OFRA,HH,HP,61,,min_symb,15.324,0
WPH_65,OFRA,HH,HP,61,,max_vac,81.626,0
WPH_65,OFRA,HH,HP,61,,avg_symb,24.9874,0
WPH_65,OFRA,HH,HP,61,,avg_vac,52.20566667,0
WPH_68,PAST,DD,DD,56,1,gastro,1,1
WPH_68,PAST,DD,DD,56,,prop_exo,0.444444444,1
WPH_68,PAST,DD,DD,56,,degr_symb,1,1
WPH_68,PAST,DD,DD,56,2,gastro,1,1
WPH_68,PAST,DD,DD,56,,prop_exo,0.333333333,1
WPH_68,PAST,DD,DD,56,,degr_symb,1,1
WPH_68,PAST,DD,DD,56,3,gastro,1,1
WPH_68,PAST,DD,DD,56,,prop_exo,0.285714286,1
WPH_68,PAST,DD,DD,56,,degr_symb,1,1
WPH_68,PAST,DD,DD,56,4,gastro,1,1
WPH_68,PAST,DD,DD,56,,prop_exo,0.3125,1
WPH_68,PAST,DD,DD,56,,degr_symb,1,1
WPH_68,PAST,DD,DD,56,5,gastro,1,1
WPH_68,PAST,DD,DD,56,,prop_exo,0.363636364,1
WPH_68,PAST,DD,DD,56,,degr_symb,1,1
WPH_68,PAST,DD,DD,56,,symb_vac,0.41660049,1
WPH_68,PAST,DD,DD,56,,symb_vac,0.430086347,1
WPH_68,PAST,DD,DD,56,,symb_vac,0.442938394,1
WPH_68,PAST,DD,DD,56,,symb_vac,0.53046013,1
WPH_68,PAST,DD,DD,56,,symb_vac,0.376383338,1
WPH_68,PAST,DD,DD,56,,symb_vac,0.523127876,1
WPH_68,PAST,DD,DD,56,,symb_vac,0.424816463,1
WPH_68,PAST,DD,DD,56,,symb_vac,0.560151007,1
WPH_68,PAST,DD,DD,56,,symb_vac,0.500975293,1
WPH_68,PAST,DD,DD,56,,symb_vac,0.41709034,1
WPH_68,PAST,DD,DD,56,,symb_vac,0.498363469,1
WPH_68,PAST,DD,DD,56,,symb_vac,0.510170149,1
WPH_68,PAST,DD,DD,56,,symb_vac,0.409555371,1
WPH_68,PAST,DD,DD,56,,symb_vac,0.440979901,1
WPH_68,PAST,DD,DD,56,,symb_vac,0.34469293,1
WPH_68,PAST,DD,DD,56,,min_symb,19.59,1
WPH_68,PAST,DD,DD,56,,max_vac,105.009,1
WPH_68,PAST,DD,DD,56,,avg_symb,32.68706667,1
WPH_68,PAST,DD,DD,56,,avg_vac,71.94326667,1
WPH_23,OFRA,HD,HD,50,1,gastro,1,1
WPH_23,OFRA,HD,HD,50,,prop_exo,0.307692308,1
WPH_23,OFRA,HD,HD,50,,degr_symb,1,1
WPH_23,OFRA,HD,HD,50,2,gastro,1,1
WPH_23,OFRA,HD,HD,50,,prop_exo,0.1875,1
WPH_23,OFRA,HD,HD,50,,degr_symb,1,1
WPH_23,OFRA,HD,HD,50,3,gastro,1,1
WPH_23,OFRA,HD,HD,50,,prop_exo,0.230769231,1
WPH_23,OFRA,HD,HD,50,,degr_symb,1,1
WPH_23,OFRA,HD,HD,50,4,gastro,1,1
WPH_23,OFRA,HD,HD,50,,prop_exo,0.5,1
WPH_23,OFRA,HD,HD,50,,degr_symb,1,1
WPH_23,OFRA,HD,HD,50,5,gastro,1,1
WPH_23,OFRA,HD,HD,50,,prop_exo,0.333333333,1
WPH_23,OFRA,HD,HD,50,,degr_symb,1,1
WPH_23,OFRA,HD,HD,50,,symb_vac,0.546548187,1
WPH_23,OFRA,HD,HD,50,,symb_vac,0.660088514,1
WPH_23,OFRA,HD,HD,50,,symb_vac,0.542622109,1
WPH_23,OFRA,HD,HD,50,,symb_vac,0.578188784,1
WPH_23,OFRA,HD,HD,50,,symb_vac,0.471711636,1
WPH_23,OFRA,HD,HD,50,,symb_vac,0.499594241,1
WPH_23,OFRA,HD,HD,50,,symb_vac,0.630042802,1
WPH_23,OFRA,HD,HD,50,,symb_vac,0.580119845,1
WPH_23,OFRA,HD,HD,50,,symb_vac,0.592574565,1
WPH_23,OFRA,HD,HD,50,,symb_vac,0.416681843,1
WPH_23,OFRA,HD,HD,50,,symb_vac,0.483101724,1
WPH_23,OFRA,HD,HD,50,,symb_vac,0.405482184,1
WPH_23,OFRA,HD,HD,50,,symb_vac,0.538971332,1
WPH_23,OFRA,HD,HD,50,,symb_vac,0.397701891,1
WPH_23,OFRA,HD,HD,50,,symb_vac,0.602087198,1
WPH_23,OFRA,HD,HD,50,,min_symb,17.271,1
WPH_23,OFRA,HD,HD,50,,max_vac,92.181,1
WPH_23,OFRA,HD,HD,50,,avg_symb,33.93586667,1
WPH_23,OFRA,HD,HD,50,,avg_vac,63.024,1
WPH_24,OFRA,DD,DD,46,1,gastro,1,1
WPH_24,OFRA,DD,DD,46,,prop_exo,0.272727273,1
WPH_24,OFRA,DD,DD,46,,degr_symb,1,1
WPH_24,OFRA,DD,DD,46,2,gastro,1,1
WPH_24,OFRA,DD,DD,46,,prop_exo,0.1875,1
WPH_24,OFRA,DD,DD,46,,degr_symb,1,1
WPH_24,OFRA,DD,DD,46,3,gastro,1,1
WPH_24,OFRA,DD,DD,46,,prop_exo,0,1
WPH_24,OFRA,DD,DD,46,,degr_symb,1,1
WPH_24,OFRA,DD,DD,46,4,gastro,1,1
WPH_24,OFRA,DD,DD,46,,prop_exo,0.290322581,1
WPH_24,OFRA,DD,DD,46,,degr_symb,1,1
WPH_24,OFRA,DD,DD,46,5,gastro,1,1
WPH_24,OFRA,DD,DD,46,,prop_exo,0.25,1
WPH_24,OFRA,DD,DD,46,,degr_symb,1,1
WPH_24,OFRA,DD,DD,46,,symb_vac,0.461162651,1
WPH_24,OFRA,DD,DD,46,,symb_vac,0.561994369,1
WPH_24,OFRA,DD,DD,46,,symb_vac,0.530532666,1
WPH_24,OFRA,DD,DD,46,,symb_vac,0.542362427,1
WPH_24,OFRA,DD,DD,46,,symb_vac,0.469562723,1
WPH_24,OFRA,DD,DD,46,,symb_vac,0.469052697,1
WPH_24,OFRA,DD,DD,46,,symb_vac,0.442363025,1
WPH_24,OFRA,DD,DD,46,,symb_vac,0.54913915,1
WPH_24,OFRA,DD,DD,46,,symb_vac,0.356468567,1
WPH_24,OFRA,DD,DD,46,,symb_vac,0.539828094,1
WPH_24,OFRA,DD,DD,46,,symb_vac,0.457368698,1
WPH_24,OFRA,DD,DD,46,,symb_vac,0.548797966,1
WPH_24,OFRA,DD,DD,46,,symb_vac,0.438281749,1
WPH_24,OFRA,DD,DD,46,,symb_vac,0.471242591,1
WPH_24,OFRA,DD,DD,46,,symb_vac,0.523918764,1
WPH_24,OFRA,DD,DD,46,,min_symb,21.633,1
WPH_24,OFRA,DD,DD,46,,max_vac,99.398,1
WPH_24,OFRA,DD,DD,46,,avg_symb,33.37073333,1
WPH_24,OFRA,DD,DD,46,,avg_vac,68.7232,1
WPH_45,PAST,HH,HH,63,1,gastro,1,0
WPH_45,PAST,HH,HH,63,,prop_exo,0.3,0
WPH_45,PAST,HH,HH,63,,degr_symb,1,0
WPH_45,PAST,HH,HH,63,2,gastro,1,0
WPH_45,PAST,HH,HH,63,,prop_exo,0.363636364,0
WPH_45,PAST,HH,HH,63,,degr_symb,1,0
WPH_45,PAST,HH,HH,63,3,gastro,1,0
WPH_45,PAST,HH,HH,63,,prop_exo,0.2,0
WPH_45,PAST,HH,HH,63,,degr_symb,1,0
WPH_45,PAST,HH,HH,63,4,gastro,1,0
WPH_45,PAST,HH,HH,63,,prop_exo,0.111111111,0
WPH_45,PAST,HH,HH,63,,degr_symb,1,0
WPH_45,PAST,HH,HH,63,5,gastro,1,0
WPH_45,PAST,HH,HH,63,,prop_exo,0.142857143,0
WPH_45,PAST,HH,HH,63,,degr_symb,1,0
WPH_45,PAST,HH,HH,63,,symb_vac,0.569326252,0
WPH_45,PAST,HH,HH,63,,symb_vac,0.561367626,0
WPH_45,PAST,HH,HH,63,,symb_vac,0.510746973,0
WPH_45,PAST,HH,HH,63,,symb_vac,0.514360605,0
WPH_45,PAST,HH,HH,63,,symb_vac,0.619833755,0
WPH_45,PAST,HH,HH,63,,symb_vac,0.532841161,0
WPH_45,PAST,HH,HH,63,,symb_vac,0.530323292,0
WPH_45,PAST,HH,HH,63,,symb_vac,0.482280455,0
WPH_45,PAST,HH,HH,63,,symb_vac,0.463883875,0
WPH_45,PAST,HH,HH,63,,symb_vac,0.345239525,0
WPH_45,PAST,HH,HH,63,,symb_vac,0.519882376,0
WPH_45,PAST,HH,HH,63,,symb_vac,0.455226543,0
WPH_45,PAST,HH,HH,63,,symb_vac,0.639667705,0
WPH_45,PAST,HH,HH,63,,symb_vac,0.564969053,0
WPH_45,PAST,HH,HH,63,,symb_vac,0.502177332,0
WPH_45,PAST,HH,HH,63,,min_symb,20.416,0
WPH_45,PAST,HH,HH,63,,max_vac,104.164,0
WPH_45,PAST,HH,HH,63,,avg_symb,38.20566667,0
WPH_45,PAST,HH,HH,63,,avg_vac,73.3374,0
WPH_09,PAST,HD,DD,44,1,gastro,1,1
WPH_09,PAST,HD,DD,44,,prop_exo,0.5,1
WPH_09,PAST,HD,DD,44,,degr_symb,1,1
WPH_09,PAST,HD,DD,44,2,gastro,1,1
WPH_09,PAST,HD,DD,44,,prop_exo,0.285714286,1
WPH_09,PAST,HD,DD,44,,degr_symb,1,1
WPH_09,PAST,HD,DD,44,3,gastro,1,1
WPH_09,PAST,HD,DD,44,,prop_exo,0,1
WPH_09,PAST,HD,DD,44,,degr_symb,1,1
WPH_09,PAST,HD,DD,44,4,gastro,1,1
WPH_09,PAST,HD,DD,44,,prop_exo,0.2,1
WPH_09,PAST,HD,DD,44,,degr_symb,1,1
WPH_09,PAST,HD,DD,44,5,gastro,1,1
WPH_09,PAST,HD,DD,44,,prop_exo,0.210526316,1
WPH_09,PAST,HD,DD,44,,degr_symb,1,1
WPH_09,PAST,HD,DD,44,,symb_vac,0.598484585,1
WPH_09,PAST,HD,DD,44,,symb_vac,0.322892109,1
WPH_09,PAST,HD,DD,44,,symb_vac,0.458919639,1
WPH_09,PAST,HD,DD,44,,symb_vac,0.523135907,1
WPH_09,PAST,HD,DD,44,,symb_vac,0.416221104,1
WPH_09,PAST,HD,DD,44,,symb_vac,0.493658042,1
WPH_09,PAST,HD,DD,44,,symb_vac,0.428483965,1
WPH_09,PAST,HD,DD,44,,symb_vac,0.367679233,1
WPH_09,PAST,HD,DD,44,,symb_vac,0.538492411,1
WPH_09,PAST,HD,DD,44,,symb_vac,0.552095564,1
WPH_09,PAST,HD,DD,44,,symb_vac,0.427465927,1
WPH_09,PAST,HD,DD,44,,symb_vac,0.623057146,1
WPH_09,PAST,HD,DD,44,,symb_vac,0.447034939,1
WPH_09,PAST,HD,DD,44,,symb_vac,0.393386545,1
WPH_09,PAST,HD,DD,44,,symb_vac,0.370653338,1
WPH_09,PAST,HD,DD,44,,min_symb,8.739,1
WPH_09,PAST,HD,DD,44,,max_vac,78.356,1
WPH_09,PAST,HD,DD,44,,avg_symb,27.0952,1
WPH_09,PAST,HD,DD,44,,avg_vac,58.24853333,1
WPH_49,PAST,HH,HH,45,1,gastro,1,0
WPH_49,PAST,HH,HH,45,,prop_exo,0.2,0
WPH_49,PAST,HH,HH,45,,degr_symb,1,0
WPH_49,PAST,HH,HH,45,2,gastro,1,0
WPH_49,PAST,HH,HH,45,,prop_exo,0,0
WPH_49,PAST,HH,HH,45,,degr_symb,1,0
WPH_49,PAST,HH,HH,45,3,gastro,1,0
WPH_49,PAST,HH,HH,45,,prop_exo,0.285714286,0
WPH_49,PAST,HH,HH,45,,degr_symb,1,0
WPH_49,PAST,HH,HH,45,4,gastro,1,0
WPH_49,PAST,HH,HH,45,,prop_exo,0.272727273,0
WPH_49,PAST,HH,HH,45,,degr_symb,1,0
WPH_49,PAST,HH,HH,45,5,gastro,1,0
WPH_49,PAST,HH,HH,45,,prop_exo,0.222222222,0
WPH_49,PAST,HH,HH,45,,degr_symb,1,0
WPH_49,PAST,HH,HH,45,,symb_vac,0.459844004,0
WPH_49,PAST,HH,HH,45,,symb_vac,0.605495684,0
WPH_49,PAST,HH,HH,45,,symb_vac,0.507497116,0
WPH_49,PAST,HH,HH,45,,symb_vac,0.540018942,0
WPH_49,PAST,HH,HH,45,,symb_vac,0.521220921,0
WPH_49,PAST,HH,HH,45,,symb_vac,0.545998304,0
WPH_49,PAST,HH,HH,45,,symb_vac,0.401275917,0
WPH_49,PAST,HH,HH,45,,symb_vac,0.476043305,0
WPH_49,PAST,HH,HH,45,,symb_vac,0.412786636,0
WPH_49,PAST,HH,HH,45,,symb_vac,0.475403258,0
WPH_49,PAST,HH,HH,45,,symb_vac,0.508176533,0
WPH_49,PAST,HH,HH,45,,symb_vac,0.456376481,0
WPH_49,PAST,HH,HH,45,,symb_vac,0.59206629,0
WPH_49,PAST,HH,HH,45,,symb_vac,0.570122153,0
WPH_49,PAST,HH,HH,45,,symb_vac,0.634060964,0
WPH_49,PAST,HH,HH,45,,min_symb,21.386,0
WPH_49,PAST,HH,HH,45,,max_vac,105.003,0
WPH_49,PAST,HH,HH,45,,avg_symb,34.17793333,0
WPH_49,PAST,HH,HH,45,,avg_vac,67.59353333,0
WPH_71,OFRA,HH,HH,66,1,gastro,1,0
WPH_71,OFRA,HH,HH,66,,prop_exo,0.235294118,0
WPH_71,OFRA,HH,HH,66,,degr_symb,1,0
WPH_71,OFRA,HH,HH,66,2,gastro,1,0
WPH_71,OFRA,HH,HH,66,,prop_exo,0.125,0
WPH_71,OFRA,HH,HH,66,,degr_symb,1,0
WPH_71,OFRA,HH,HH,66,3,gastro,1,0
WPH_71,OFRA,HH,HH,66,,prop_exo,0.111111111,0
WPH_71,OFRA,HH,HH,66,,degr_symb,1,0
WPH_71,OFRA,HH,HH,66,4,gastro,1,0
WPH_71,OFRA,HH,HH,66,,prop_exo,0.222222222,0
WPH_71,OFRA,HH,HH,66,,degr_symb,1,0
WPH_71,OFRA,HH,HH,66,5,gastro,1,0
WPH_71,OFRA,HH,HH,66,,prop_exo,0.157894737,0
WPH_71,OFRA,HH,HH,66,,degr_symb,1,0
WPH_71,OFRA,HH,HH,66,,symb_vac,0.292276769,0
WPH_71,OFRA,HH,HH,66,,symb_vac,0.699543189,0
WPH_71,OFRA,HH,HH,66,,symb_vac,0.481415752,0
WPH_71,OFRA,HH,HH,66,,symb_vac,0.447387508,0
WPH_71,OFRA,HH,HH,66,,symb_vac,0.400743606,0
WPH_71,OFRA,HH,HH,66,,symb_vac,0.417972408,0
WPH_71,OFRA,HH,HH,66,,symb_vac,0.680015435,0
WPH_71,OFRA,HH,HH,66,,symb_vac,0.370319462,0
WPH_71,OFRA,HH,HH,66,,symb_vac,0.434473095,0
WPH_71,OFRA,HH,HH,66,,symb_vac,0.516296967,0
WPH_71,OFRA,HH,HH,66,,symb_vac,0.399849424,0
WPH_71,OFRA,HH,HH,66,,symb_vac,0.525863163,0
WPH_71,OFRA,HH,HH,66,,symb_vac,0.541255376,0
WPH_71,OFRA,HH,HH,66,,symb_vac,0.40190228,0
WPH_71,OFRA,HH,HH,66,,symb_vac,0.458533305,0
WPH_71,OFRA,HH,HH,66,,min_symb,15.952,0
WPH_71,OFRA,HH,HH,66,,max_vac,82.09,0
WPH_71,OFRA,HH,HH,66,,avg_symb,26.222,0
WPH_71,OFRA,HH,HH,66,,avg_vac,56.4254,0