Individual,species,Sample_Health_State ,colony_health,Colony_number,photo,measurement,value 
WPH_66,PAST,HD,HD,56,1,gastro,1
WPH_66,PAST,HD,HD,56,,prop_exo,0
WPH_66,PAST,HD,HD,56,,degr_symb,1
WPH_66,PAST,HD,HD,56,2,gastro,1
WPH_66,PAST,HD,HD,56,,prop_exo,0
WPH_66,PAST,HD,HD,56,,degr_symb,1
WPH_66,PAST,HD,HD,56,3,gastro,1
WPH_66,PAST,HD,HD,56,,prop_exo,0.3
WPH_66,PAST,HD,HD,56,,degr_symb,1
WPH_66,PAST,HD,HD,56,4,gastro,1
WPH_66,PAST,HD,HD,56,,prop_exo,0.3
WPH_66,PAST,HD,HD,56,,degr_symb,1
WPH_66,PAST,HD,HD,56,5,gastro,1
WPH_66,PAST,HD,HD,56,,prop_exo,0
WPH_66,PAST,HD,HD,56,,degr_symb,1
WPH_66,PAST,HD,HD,56,,symb_vac,0.698419672
WPH_66,PAST,HD,HD,56,,symb_vac,0.860140702
WPH_66,PAST,HD,HD,56,,symb_vac,0.675059099
WPH_66,PAST,HD,HD,56,,symb_vac,0.639705882
WPH_66,PAST,HD,HD,56,,symb_vac,0.642502523
WPH_66,PAST,HD,HD,56,,symb_vac,0.604279246
WPH_66,PAST,HD,HD,56,,symb_vac,0.651254325
WPH_66,PAST,HD,HD,56,,symb_vac,0.704249946
WPH_66,PAST,HD,HD,56,,symb_vac,0.860031082
WPH_66,PAST,HD,HD,56,,symb_vac,0.756878561
WPH_66,PAST,HD,HD,56,,symb_vac,0.815538072
WPH_66,PAST,HD,HD,56,,symb_vac,0.814685255
WPH_66,PAST,HD,HD,56,,symb_vac,0.710716908
WPH_66,PAST,HD,HD,56,,symb_vac,0.671475539
WPH_66,PAST,HD,HD,56,,symb_vac,0.78203286
WPH_66,PAST,HD,HD,56,,min_symb,15.918
WPH_66,PAST,HD,HD,56,,max_vac,78.682
WPH_66,PAST,HD,HD,56,,avg_symb,43.48413333
WPH_66,PAST,HD,HD,56,,avg_vac,59.30293333
WPH_50,PAST,HH,HH,57,1,gastro,1
WPH_50,PAST,HH,HH,57,,prop_exo,0.111111111
WPH_50,PAST,HH,HH,57,,degr_symb,1
WPH_50,PAST,HH,HH,57,2,gastro,1
WPH_50,PAST,HH,HH,57,,prop_exo,0.272727273
WPH_50,PAST,HH,HH,57,,degr_symb,1
WPH_50,PAST,HH,HH,57,3,gastro,1
WPH_50,PAST,HH,HH,57,,prop_exo,0
WPH_50,PAST,HH,HH,57,,degr_symb,1
WPH_50,PAST,HH,HH,57,4,gastro,1
WPH_50,PAST,HH,HH,57,,prop_exo,0
WPH_50,PAST,HH,HH,57,,degr_symb,1
WPH_50,PAST,HH,HH,57,5,gastro,1
WPH_50,PAST,HH,HH,57,,prop_exo,0
WPH_50,PAST,HH,HH,57,,degr_symb,1
WPH_50,PAST,HH,HH,57,,symb_vac,0.672071831
WPH_50,PAST,HH,HH,57,,symb_vac,0.883425913
WPH_50,PAST,HH,HH,57,,symb_vac,0.821267361
WPH_50,PAST,HH,HH,57,,symb_vac,0.824242872
WPH_50,PAST,HH,HH,57,,symb_vac,0.706442818
WPH_50,PAST,HH,HH,57,,symb_vac,0.826134423
WPH_50,PAST,HH,HH,57,,symb_vac,0.711555436
WPH_50,PAST,HH,HH,57,,symb_vac,0.768410973
WPH_50,PAST,HH,HH,57,,symb_vac,0.669047088
WPH_50,PAST,HH,HH,57,,symb_vac,0.684944316
WPH_50,PAST,HH,HH,57,,symb_vac,0.866515902
WPH_50,PAST,HH,HH,57,,symb_vac,0.817929203
WPH_50,PAST,HH,HH,57,,symb_vac,0.767099707
WPH_50,PAST,HH,HH,57,,symb_vac,0.675661883
WPH_50,PAST,HH,HH,57,,symb_vac,0.630608079
WPH_50,PAST,HH,HH,57,,min_symb,33.1
WPH_50,PAST,HH,HH,57,,max_vac,89.608
WPH_50,PAST,HH,HH,57,,avg_symb,51.59753333
WPH_50,PAST,HH,HH,57,,avg_vac,68.03566667
WPH_43,PAST,HH,HH,42,1,gastro,1
WPH_43,PAST,HH,HH,42,,prop_exo,0
WPH_43,PAST,HH,HH,42,,degr_symb,1
WPH_43,PAST,HH,HH,42,2,gastro,1
WPH_43,PAST,HH,HH,42,,prop_exo,0
WPH_43,PAST,HH,HH,42,,degr_symb,1
WPH_43,PAST,HH,HH,42,3,gastro,1
WPH_43,PAST,HH,HH,42,,prop_exo,0.136363636
WPH_43,PAST,HH,HH,42,,degr_symb,1
WPH_43,PAST,HH,HH,42,4,gastro,1
WPH_43,PAST,HH,HH,42,,prop_exo,0.25
WPH_43,PAST,HH,HH,42,,degr_symb,1
WPH_43,PAST,HH,HH,42,5,gastro,1
WPH_43,PAST,HH,HH,42,,prop_exo,0.272727273
WPH_43,PAST,HH,HH,42,,degr_symb,1
WPH_43,PAST,HH,HH,42,,symb_vac,0.809870122
WPH_43,PAST,HH,HH,42,,symb_vac,0.687358089
WPH_43,PAST,HH,HH,42,,symb_vac,0.758423991
WPH_43,PAST,HH,HH,42,,symb_vac,0.675192011
WPH_43,PAST,HH,HH,42,,symb_vac,0.712413668
WPH_43,PAST,HH,HH,42,,symb_vac,0.749163757
WPH_43,PAST,HH,HH,42,,symb_vac,0.663753732
WPH_43,PAST,HH,HH,42,,symb_vac,0.685502283
WPH_43,PAST,HH,HH,42,,symb_vac,0.765098327
WPH_43,PAST,HH,HH,42,,symb_vac,0.666924383
WPH_43,PAST,HH,HH,42,,symb_vac,0.785895519
WPH_43,PAST,HH,HH,42,,symb_vac,0.731751412
WPH_43,PAST,HH,HH,42,,symb_vac,0.695146014
WPH_43,PAST,HH,HH,42,,symb_vac,0.673327329
WPH_43,PAST,HH,HH,42,,symb_vac,0.67316404
WPH_43,PAST,HH,HH,42,,min_symb,31.226
WPH_43,PAST,HH,HH,42,,max_vac,70.952
WPH_43,PAST,HH,HH,42,,avg_symb,42.06186667
WPH_43,PAST,HH,HH,42,,avg_vac,58.76826667
WPH_39,PAST,HD,HD,48,1,gastro,1
WPH_39,PAST,HD,HD,48,,prop_exo,0.230769231
WPH_39,PAST,HD,HD,48,,degr_symb,1
WPH_39,PAST,HD,HD,48,2,gastro,1
WPH_39,PAST,HD,HD,48,,prop_exo,0
WPH_39,PAST,HD,HD,48,,degr_symb,1
WPH_39,PAST,HD,HD,48,3,gastro,1
WPH_39,PAST,HD,HD,48,,prop_exo,0.25
WPH_39,PAST,HD,HD,48,,degr_symb,1
WPH_39,PAST,HD,HD,48,4,gastro,1
WPH_39,PAST,HD,HD,48,,prop_exo,0.2
WPH_39,PAST,HD,HD,48,,degr_symb,1
WPH_39,PAST,HD,HD,48,5,gastro,1
WPH_39,PAST,HD,HD,48,,prop_exo,0
WPH_39,PAST,HD,HD,48,,degr_symb,1
WPH_39,PAST,HD,HD,48,,symb_vac,0.646373704
WPH_39,PAST,HD,HD,48,,symb_vac,0.683843968
WPH_39,PAST,HD,HD,48,,symb_vac,0.740693952
WPH_39,PAST,HD,HD,48,,symb_vac,0.694257552
WPH_39,PAST,HD,HD,48,,symb_vac,0.676451567
WPH_39,PAST,HD,HD,48,,symb_vac,0.794854526
WPH_39,PAST,HD,HD,48,,symb_vac,0.665383544
WPH_39,PAST,HD,HD,48,,symb_vac,0.6207495
WPH_39,PAST,HD,HD,48,,symb_vac,0.721186468
WPH_39,PAST,HD,HD,48,,symb_vac,0.703997422
WPH_39,PAST,HD,HD,48,,symb_vac,0.799668294
WPH_39,PAST,HD,HD,48,,symb_vac,0.744756889
WPH_39,PAST,HD,HD,48,,symb_vac,0.743673196
WPH_39,PAST,HD,HD,48,,symb_vac,0.745399897
WPH_39,PAST,HD,HD,48,,symb_vac,0.698778053
WPH_39,PAST,HD,HD,48,,min_symb,37.654
WPH_39,PAST,HD,HD,48,,max_vac,83.549
WPH_39,PAST,HD,HD,48,,avg_symb,45.90786667
WPH_39,PAST,HD,HD,48,,avg_vac,64.63033333
WPH_74,OFRA,HH,HP,60,1,gastro,1
WPH_74,OFRA,HH,HP,60,,prop_exo,0.4
WPH_74,OFRA,HH,HP,60,,degr_symb,1
WPH_74,OFRA,HH,HP,60,2,gastro,0
WPH_74,OFRA,HH,HP,60,,prop_exo,0.277777778
WPH_74,OFRA,HH,HP,60,,degr_symb,1
WPH_74,OFRA,HH,HP,60,3,gastro,0
WPH_74,OFRA,HH,HP,60,,prop_exo,0.625
WPH_74,OFRA,HH,HP,60,,degr_symb,1
WPH_74,OFRA,HH,HP,60,4,gastro,1
WPH_74,OFRA,HH,HP,60,,prop_exo,0.2
WPH_74,OFRA,HH,HP,60,,degr_symb,1
WPH_74,OFRA,HH,HP,60,5,gastro,1
WPH_74,OFRA,HH,HP,60,,prop_exo,0
WPH_74,OFRA,HH,HP,60,,degr_symb,1
WPH_74,OFRA,HH,HP,60,,symb_vac,0.610214895
WPH_74,OFRA,HH,HP,60,,symb_vac,0.788512324
WPH_74,OFRA,HH,HP,60,,symb_vac,0.683183908
WPH_74,OFRA,HH,HP,60,,symb_vac,0.743065576
WPH_74,OFRA,HH,HP,60,,symb_vac,0.698217268
WPH_74,OFRA,HH,HP,60,,symb_vac,0.655993518
WPH_74,OFRA,HH,HP,60,,symb_vac,0.702690641
WPH_74,OFRA,HH,HP,60,,symb_vac,0.785709678
WPH_74,OFRA,HH,HP,60,,symb_vac,0.808386484
WPH_74,OFRA,HH,HP,60,,symb_vac,0.742681893
WPH_74,OFRA,HH,HP,60,,symb_vac,0.670909442
WPH_74,OFRA,HH,HP,60,,symb_vac,0.775346164
WPH_74,OFRA,HH,HP,60,,symb_vac,0.730349376
WPH_74,OFRA,HH,HP,60,,symb_vac,0.609489992
WPH_74,OFRA,HH,HP,60,,symb_vac,0.709318276
WPH_74,OFRA,HH,HP,60,,min_symb,21.284
WPH_74,OFRA,HH,HP,60,,max_vac,78.746
WPH_74,OFRA,HH,HP,60,,avg_symb,38.63653333
WPH_74,OFRA,HH,HP,60,,avg_vac,54.14346667
WPH_03,OFRA,HD,HD,68,1,gastro,1
WPH_03,OFRA,HD,HD,68,,prop_exo,0.230769231
WPH_03,OFRA,HD,HD,68,,degr_symb,1
WPH_03,OFRA,HD,HD,68,2,gastro,0
WPH_03,OFRA,HD,HD,68,,prop_exo,0.375
WPH_03,OFRA,HD,HD,68,,degr_symb,1
WPH_03,OFRA,HD,HD,68,3,gastro,1
WPH_03,OFRA,HD,HD,68,,prop_exo,0
WPH_03,OFRA,HD,HD,68,,degr_symb,1
WPH_03,OFRA,HD,HD,68,4,gastro,1
WPH_03,OFRA,HD,HD,68,,prop_exo,0.333333333
WPH_03,OFRA,HD,HD,68,,degr_symb,1
WPH_03,OFRA,HD,HD,68,5,gastro,1
WPH_03,OFRA,HD,HD,68,,prop_exo,0.1
WPH_03,OFRA,HD,HD,68,,degr_symb,1
WPH_03,OFRA,HD,HD,68,,symb_vac,0.665018821
WPH_03,OFRA,HD,HD,68,,symb_vac,0.76950827
WPH_03,OFRA,HD,HD,68,,symb_vac,0.658406782
WPH_03,OFRA,HD,HD,68,,symb_vac,0.634349084
WPH_03,OFRA,HD,HD,68,,symb_vac,0.802194042
WPH_03,OFRA,HD,HD,68,,symb_vac,0.64726035
WPH_03,OFRA,HD,HD,68,,symb_vac,0.708867175
WPH_03,OFRA,HD,HD,68,,symb_vac,0.647079005
WPH_03,OFRA,HD,HD,68,,symb_vac,0.707957317
WPH_03,OFRA,HD,HD,68,,symb_vac,0.80322048
WPH_03,OFRA,HD,HD,68,,symb_vac,0.694657722
WPH_03,OFRA,HD,HD,68,,symb_vac,0.843513229
WPH_03,OFRA,HD,HD,68,,symb_vac,0.696956938
WPH_03,OFRA,HD,HD,68,,symb_vac,0.700338783
WPH_03,OFRA,HD,HD,68,,symb_vac,0.784001685
WPH_03,OFRA,HD,HD,68,,min_symb,37.119
WPH_03,OFRA,HD,HD,68,,max_vac,98.656
WPH_03,OFRA,HD,HD,68,,avg_symb,42.25273333
WPH_03,OFRA,HD,HD,68,,avg_vac,59.33813333
WPH_21,OFRA,DD,DD,49,1,gastro,0
WPH_21,OFRA,DD,DD,49,,prop_exo,0.2
WPH_21,OFRA,DD,DD,49,,degr_symb,1
WPH_21,OFRA,DD,DD,49,2,gastro,0
WPH_21,OFRA,DD,DD,49,,prop_exo,0
WPH_21,OFRA,DD,DD,49,,degr_symb,1
WPH_21,OFRA,DD,DD,49,3,gastro,1
WPH_21,OFRA,DD,DD,49,,prop_exo,0
WPH_21,OFRA,DD,DD,49,,degr_symb,1
WPH_21,OFRA,DD,DD,49,4,gastro,1
WPH_21,OFRA,DD,DD,49,,prop_exo,0
WPH_21,OFRA,DD,DD,49,,degr_symb,1
WPH_21,OFRA,DD,DD,49,5,gastro,1
WPH_21,OFRA,DD,DD,49,,prop_exo,0
WPH_21,OFRA,DD,DD,49,,degr_symb,1
WPH_21,OFRA,DD,DD,49,,symb_vac,0.775685907
WPH_21,OFRA,DD,DD,49,,symb_vac,0.616519693
WPH_21,OFRA,DD,DD,49,,symb_vac,0.71784007
WPH_21,OFRA,DD,DD,49,,symb_vac,0.85205732
WPH_21,OFRA,DD,DD,49,,symb_vac,0.719598129
WPH_21,OFRA,DD,DD,49,,symb_vac,0.653676406
WPH_21,OFRA,DD,DD,49,,symb_vac,0.606287985
WPH_21,OFRA,DD,DD,49,,symb_vac,0.72133725
WPH_21,OFRA,DD,DD,49,,symb_vac,0.759624727
WPH_21,OFRA,DD,DD,49,,symb_vac,0.707341422
WPH_21,OFRA,DD,DD,49,,symb_vac,0.588270167
WPH_21,OFRA,DD,DD,49,,symb_vac,0.765019935
WPH_21,OFRA,DD,DD,49,,symb_vac,0.74484446
WPH_21,OFRA,DD,DD,49,,symb_vac,0.62292036
WPH_21,OFRA,DD,DD,49,,symb_vac,0.740532334
WPH_21,OFRA,DD,DD,49,,min_symb,26.428
WPH_21,OFRA,DD,DD,49,,max_vac,85.56
WPH_21,OFRA,DD,DD,49,,avg_symb,45.8376
WPH_21,OFRA,DD,DD,49,,avg_vac,65.4978
WPH_11,OFRA,HH,HH,55,1,gastro,1
WPH_11,OFRA,HH,HH,55,,prop_exo,0.181818182
WPH_11,OFRA,HH,HH,55,,degr_symb,1
WPH_11,OFRA,HH,HH,55,2,gastro,1
WPH_11,OFRA,HH,HH,55,,prop_exo,0.4
WPH_11,OFRA,HH,HH,55,,degr_symb,1
WPH_11,OFRA,HH,HH,55,3,gastro,1
WPH_11,OFRA,HH,HH,55,,prop_exo,0.290322581
WPH_11,OFRA,HH,HH,55,,degr_symb,1
WPH_11,OFRA,HH,HH,55,4,gastro,1
WPH_11,OFRA,HH,HH,55,,prop_exo,0.294117647
WPH_11,OFRA,HH,HH,55,,degr_symb,1
WPH_11,OFRA,HH,HH,55,5,gastro,1
WPH_11,OFRA,HH,HH,55,,prop_exo,0.222222222
WPH_11,OFRA,HH,HH,55,,degr_symb,1
WPH_11,OFRA,HH,HH,55,,symb_vac,0.565769925
WPH_11,OFRA,HH,HH,55,,symb_vac,0.711415855
WPH_11,OFRA,HH,HH,55,,symb_vac,0.641016217
WPH_11,OFRA,HH,HH,55,,symb_vac,0.560733721
WPH_11,OFRA,HH,HH,55,,symb_vac,0.62835922
WPH_11,OFRA,HH,HH,55,,symb_vac,0.831825535
WPH_11,OFRA,HH,HH,55,,symb_vac,0.558299188
WPH_11,OFRA,HH,HH,55,,symb_vac,0.774595331
WPH_11,OFRA,HH,HH,55,,symb_vac,0.644241913
WPH_11,OFRA,HH,HH,55,,symb_vac,0.628476485
WPH_11,OFRA,HH,HH,55,,symb_vac,0.711274712
WPH_11,OFRA,HH,HH,55,,symb_vac,0.782091238
WPH_11,OFRA,HH,HH,55,,symb_vac,0.815419156
WPH_11,OFRA,HH,HH,55,,symb_vac,0.818502181
WPH_11,OFRA,HH,HH,55,,symb_vac,0.801895834
WPH_11,OFRA,HH,HH,55,,min_symb,21.325
WPH_11,OFRA,HH,HH,55,,max_vac,80.023
WPH_11,OFRA,HH,HH,55,,avg_symb,36.38946667
WPH_11,OFRA,HH,HH,55,,avg_vac,51.75166667
WPH_16,OFRA,HD,HD,46,1,gastro,0
WPH_16,OFRA,HD,HD,46,,prop_exo,0.095238095
WPH_16,OFRA,HD,HD,46,,degr_symb,1
WPH_16,OFRA,HD,HD,46,2,gastro,0
WPH_16,OFRA,HD,HD,46,,prop_exo,0.095238095
WPH_16,OFRA,HD,HD,46,,degr_symb,1
WPH_16,OFRA,HD,HD,46,3,gastro,1
WPH_16,OFRA,HD,HD,46,,prop_exo,0.4
WPH_16,OFRA,HD,HD,46,,degr_symb,1
WPH_16,OFRA,HD,HD,46,4,gastro,1
WPH_16,OFRA,HD,HD,46,,prop_exo,0.111111111
WPH_16,OFRA,HD,HD,46,,degr_symb,1
WPH_16,OFRA,HD,HD,46,5,gastro,1
WPH_16,OFRA,HD,HD,46,,prop_exo,0
WPH_16,OFRA,HD,HD,46,,degr_symb,1
WPH_16,OFRA,HD,HD,46,,symb_vac,0.642250872
WPH_16,OFRA,HD,HD,46,,symb_vac,0.776976694
WPH_16,OFRA,HD,HD,46,,symb_vac,0.752580771
WPH_16,OFRA,HD,HD,46,,symb_vac,0.624274865
WPH_16,OFRA,HD,HD,46,,symb_vac,0.632232286
WPH_16,OFRA,HD,HD,46,,symb_vac,0.70536089
WPH_16,OFRA,HD,HD,46,,symb_vac,0.753571494
WPH_16,OFRA,HD,HD,46,,symb_vac,0.619770702
WPH_16,OFRA,HD,HD,46,,symb_vac,0.766854961
WPH_16,OFRA,HD,HD,46,,symb_vac,0.69910604
WPH_16,OFRA,HD,HD,46,,symb_vac,0.743833622
WPH_16,OFRA,HD,HD,46,,symb_vac,0.859787167
WPH_16,OFRA,HD,HD,46,,symb_vac,0.547741787
WPH_16,OFRA,HD,HD,46,,symb_vac,0.867654049
WPH_16,OFRA,HD,HD,46,,symb_vac,0.81606547
WPH_16,OFRA,HD,HD,46,,min_symb,27.997
WPH_16,OFRA,HD,HD,46,,max_vac,73.607
WPH_16,OFRA,HD,HD,46,,avg_symb,39.9338
WPH_16,OFRA,HD,HD,46,,avg_vac,56.20133333
WPH_75,OFRA,HH,HP,59,1,gastro,1
WPH_75,OFRA,HH,HP,59,,prop_exo,0.333333333
WPH_75,OFRA,HH,HP,59,,degr_symb,1
WPH_75,OFRA,HH,HP,59,2,gastro,0
WPH_75,OFRA,HH,HP,59,,prop_exo,0.2
WPH_75,OFRA,HH,HP,59,,degr_symb,1
WPH_75,OFRA,HH,HP,59,3,gastro,1
WPH_75,OFRA,HH,HP,59,,prop_exo,0.125
WPH_75,OFRA,HH,HP,59,,degr_symb,1
WPH_75,OFRA,HH,HP,59,4,gastro,0
WPH_75,OFRA,HH,HP,59,,prop_exo,0.148148148
WPH_75,OFRA,HH,HP,59,,degr_symb,1
WPH_75,OFRA,HH,HP,59,5,gastro,0
WPH_75,OFRA,HH,HP,59,,prop_exo,0
WPH_75,OFRA,HH,HP,59,,degr_symb,1
WPH_75,OFRA,HH,HP,59,,symb_vac,0.568320595
WPH_75,OFRA,HH,HP,59,,symb_vac,0.701903193
WPH_75,OFRA,HH,HP,59,,symb_vac,0.65733585
WPH_75,OFRA,HH,HP,59,,symb_vac,0.73471731
WPH_75,OFRA,HH,HP,59,,symb_vac,0.670688104
WPH_75,OFRA,HH,HP,59,,symb_vac,0.882991224
WPH_75,OFRA,HH,HP,59,,symb_vac,0.714147671
WPH_75,OFRA,HH,HP,59,,symb_vac,0.607765879
WPH_75,OFRA,HH,HP,59,,symb_vac,0.698708656
WPH_75,OFRA,HH,HP,59,,symb_vac,0.607883475
WPH_75,OFRA,HH,HP,59,,symb_vac,0.791652027
WPH_75,OFRA,HH,HP,59,,symb_vac,0.55738852
WPH_75,OFRA,HH,HP,59,,symb_vac,0.619298726
WPH_75,OFRA,HH,HP,59,,symb_vac,0.815443256
WPH_75,OFRA,HH,HP,59,,symb_vac,0.651072485
WPH_75,OFRA,HH,HP,59,,min_symb,20.712
WPH_75,OFRA,HH,HP,59,,max_vac,66.595
WPH_75,OFRA,HH,HP,59,,avg_symb,33.71706667
WPH_75,OFRA,HH,HP,59,,avg_vac,49.08466667
WPH_10,PAST,HD,HD,44,1,gastro,1
WPH_10,PAST,HD,HD,44,,prop_exo,0.277777778
WPH_10,PAST,HD,HD,44,,degr_symb,1
WPH_10,PAST,HD,HD,44,2,gastro,1
WPH_10,PAST,HD,HD,44,,prop_exo,0
WPH_10,PAST,HD,HD,44,,degr_symb,1
WPH_10,PAST,HD,HD,44,3,gastro,1
WPH_10,PAST,HD,HD,44,,prop_exo,0
WPH_10,PAST,HD,HD,44,,degr_symb,1
WPH_10,PAST,HD,HD,44,4,gastro,1
WPH_10,PAST,HD,HD,44,,prop_exo,0
WPH_10,PAST,HD,HD,44,,degr_symb,1
WPH_10,PAST,HD,HD,44,5,gastro,1
WPH_10,PAST,HD,HD,44,,prop_exo,0
WPH_10,PAST,HD,HD,44,,degr_symb,1
WPH_10,PAST,HD,HD,44,,symb_vac,0.802013722
WPH_10,PAST,HD,HD,44,,symb_vac,0.695284915
WPH_10,PAST,HD,HD,44,,symb_vac,0.665578673
WPH_10,PAST,HD,HD,44,,symb_vac,0.617382228
WPH_10,PAST,HD,HD,44,,symb_vac,0.687142875
WPH_10,PAST,HD,HD,44,,symb_vac,0.630956178
WPH_10,PAST,HD,HD,44,,symb_vac,0.636360364
WPH_10,PAST,HD,HD,44,,symb_vac,0.988311933
WPH_10,PAST,HD,HD,44,,symb_vac,0.529473853
WPH_10,PAST,HD,HD,44,,symb_vac,0.664357633
WPH_10,PAST,HD,HD,44,,symb_vac,0.72584151
WPH_10,PAST,HD,HD,44,,symb_vac,0.704865172
WPH_10,PAST,HD,HD,44,,symb_vac,0.558128472
WPH_10,PAST,HD,HD,44,,symb_vac,0.738113811
WPH_10,PAST,HD,HD,44,,symb_vac,0.680615701
WPH_10,PAST,HD,HD,44,,min_symb,29.333
WPH_10,PAST,HD,HD,44,,max_vac,79.979
WPH_10,PAST,HD,HD,44,,avg_symb,41.95353333
WPH_10,PAST,HD,HD,44,,avg_vac,61.40153333
WPH_19,OFRA,HH,HH,53,1,gastro,1
WPH_19,OFRA,HH,HH,53,,prop_exo,0.28
WPH_19,OFRA,HH,HH,53,,degr_symb,1
WPH_19,OFRA,HH,HH,53,2,gastro,1
WPH_19,OFRA,HH,HH,53,,prop_exo,0.2
WPH_19,OFRA,HH,HH,53,,degr_symb,1
WPH_19,OFRA,HH,HH,53,3,gastro,1
WPH_19,OFRA,HH,HH,53,,prop_exo,0.125
WPH_19,OFRA,HH,HH,53,,degr_symb,1
WPH_19,OFRA,HH,HH,53,4,gastro,1
WPH_19,OFRA,HH,HH,53,,prop_exo,0.25
WPH_19,OFRA,HH,HH,53,,degr_symb,1
WPH_19,OFRA,HH,HH,53,5,gastro,1
WPH_19,OFRA,HH,HH,53,,prop_exo,0.153846154
WPH_19,OFRA,HH,HH,53,,degr_symb,1
WPH_19,OFRA,HH,HH,53,,symb_vac,0.723572469
WPH_19,OFRA,HH,HH,53,,symb_vac,0.738132759
WPH_19,OFRA,HH,HH,53,,symb_vac,0.524820965
WPH_19,OFRA,HH,HH,53,,symb_vac,0.755751499
WPH_19,OFRA,HH,HH,53,,symb_vac,0.665705929
WPH_19,OFRA,HH,HH,53,,symb_vac,0.659385445
WPH_19,OFRA,HH,HH,53,,symb_vac,0.681270566
WPH_19,OFRA,HH,HH,53,,symb_vac,0.836357566
WPH_19,OFRA,HH,HH,53,,symb_vac,0.72746906
WPH_19,OFRA,HH,HH,53,,symb_vac,0.685766423
WPH_19,OFRA,HH,HH,53,,symb_vac,0.758771126
WPH_19,OFRA,HH,HH,53,,symb_vac,0.717623419
WPH_19,OFRA,HH,HH,53,,symb_vac,0.7652395
WPH_19,OFRA,HH,HH,53,,symb_vac,0.625052783
WPH_19,OFRA,HH,HH,53,,symb_vac,0.58043364
WPH_19,OFRA,HH,HH,53,,min_symb,18.766
WPH_19,OFRA,HH,HH,53,,max_vac,77.327
WPH_19,OFRA,HH,HH,53,,avg_symb,35.4014
WPH_19,OFRA,HH,HH,53,,avg_vac,50.5276
WPH_79,PAST,HD,HD,65,1,gastro,1
WPH_79,PAST,HD,HD,65,,prop_exo,0
WPH_79,PAST,HD,HD,65,,degr_symb,1
WPH_79,PAST,HD,HD,65,2,gastro,1
WPH_79,PAST,HD,HD,65,,prop_exo,0.142857143
WPH_79,PAST,HD,HD,65,,degr_symb,1
WPH_79,PAST,HD,HD,65,3,gastro,1
WPH_79,PAST,HD,HD,65,,prop_exo,0
WPH_79,PAST,HD,HD,65,,degr_symb,1
WPH_79,PAST,HD,HD,65,4,gastro,1
WPH_79,PAST,HD,HD,65,,prop_exo,0
WPH_79,PAST,HD,HD,65,,degr_symb,1
WPH_79,PAST,HD,HD,65,5,gastro,1
WPH_79,PAST,HD,HD,65,,prop_exo,0
WPH_79,PAST,HD,HD,65,,degr_symb,1
WPH_79,PAST,HD,HD,65,,symb_vac,0.828751234
WPH_79,PAST,HD,HD,65,,symb_vac,0.736216311
WPH_79,PAST,HD,HD,65,,symb_vac,0.711446002
WPH_79,PAST,HD,HD,65,,symb_vac,0.752893161
WPH_79,PAST,HD,HD,65,,symb_vac,0.65273354
WPH_79,PAST,HD,HD,65,,symb_vac,0.690078803
WPH_79,PAST,HD,HD,65,,symb_vac,0.67732101
WPH_79,PAST,HD,HD,65,,symb_vac,0.794999027
WPH_79,PAST,HD,HD,65,,symb_vac,0.707598774
WPH_79,PAST,HD,HD,65,,symb_vac,0.861176471
WPH_79,PAST,HD,HD,65,,symb_vac,0.89740249
WPH_79,PAST,HD,HD,65,,symb_vac,0.805558573
WPH_79,PAST,HD,HD,65,,symb_vac,0.784022323
WPH_79,PAST,HD,HD,65,,symb_vac,0.741063114
WPH_79,PAST,HD,HD,65,,symb_vac,0.749928917
WPH_79,PAST,HD,HD,65,,min_symb,35.218
WPH_79,PAST,HD,HD,65,,max_vac,110.783
WPH_79,PAST,HD,HD,65,,avg_symb,52.95273333
WPH_79,PAST,HD,HD,65,,avg_vac,69.62893333
WPH_14,OFRA,HH,HH,51,1,gastro,1
WPH_14,OFRA,HH,HH,51,,prop_exo,0
WPH_14,OFRA,HH,HH,51,,degr_symb,1
WPH_14,OFRA,HH,HH,51,2,gastro,1
WPH_14,OFRA,HH,HH,51,,prop_exo,0.076923077
WPH_14,OFRA,HH,HH,51,,degr_symb,1
WPH_14,OFRA,HH,HH,51,3,gastro,1
WPH_14,OFRA,HH,HH,51,,prop_exo,0.222222222
WPH_14,OFRA,HH,HH,51,,degr_symb,1
WPH_14,OFRA,HH,HH,51,4,gastro,1
WPH_14,OFRA,HH,HH,51,,prop_exo,0
WPH_14,OFRA,HH,HH,51,,degr_symb,1
WPH_14,OFRA,HH,HH,51,5,gastro,1
WPH_14,OFRA,HH,HH,51,,prop_exo,0.142857143
WPH_14,OFRA,HH,HH,51,,degr_symb,1
WPH_14,OFRA,HH,HH,51,,symb_vac,0.694002963
WPH_14,OFRA,HH,HH,51,,symb_vac,0.797314611
WPH_14,OFRA,HH,HH,51,,symb_vac,0.834344179
WPH_14,OFRA,HH,HH,51,,symb_vac,0.784674721
WPH_14,OFRA,HH,HH,51,,symb_vac,0.619420196
WPH_14,OFRA,HH,HH,51,,symb_vac,0.771228678
WPH_14,OFRA,HH,HH,51,,symb_vac,0.767591445
WPH_14,OFRA,HH,HH,51,,symb_vac,0.814783868
WPH_14,OFRA,HH,HH,51,,symb_vac,0.672516473
WPH_14,OFRA,HH,HH,51,,symb_vac,0.711307166
WPH_14,OFRA,HH,HH,51,,symb_vac,0.825394709
WPH_14,OFRA,HH,HH,51,,symb_vac,0.599656506
WPH_14,OFRA,HH,HH,51,,symb_vac,0.69963771
WPH_14,OFRA,HH,HH,51,,symb_vac,0.704608019
WPH_14,OFRA,HH,HH,51,,symb_vac,0.627464501
WPH_14,OFRA,HH,HH,51,,min_symb,24.569
WPH_14,OFRA,HH,HH,51,,max_vac,83.31
WPH_14,OFRA,HH,HH,51,,avg_symb,37.5532
WPH_14,OFRA,HH,HH,51,,avg_vac,51.9874
WPH_06,OFRA,DD,DD,68,1,gastro,0
WPH_06,OFRA,DD,DD,68,,prop_exo,0.3
WPH_06,OFRA,DD,DD,68,,degr_symb,1
WPH_06,OFRA,DD,DD,68,2,gastro,1
WPH_06,OFRA,DD,DD,68,,prop_exo,0.19047619
WPH_06,OFRA,DD,DD,68,,degr_symb,1
WPH_06,OFRA,DD,DD,68,3,gastro,1
WPH_06,OFRA,DD,DD,68,,prop_exo,0.2
WPH_06,OFRA,DD,DD,68,,degr_symb,1
WPH_06,OFRA,DD,DD,68,4,gastro,0
WPH_06,OFRA,DD,DD,68,,prop_exo,0
WPH_06,OFRA,DD,DD,68,,degr_symb,1
WPH_06,OFRA,DD,DD,68,5,gastro,0
WPH_06,OFRA,DD,DD,68,,prop_exo,0.166666667
WPH_06,OFRA,DD,DD,68,,degr_symb,1
WPH_06,OFRA,DD,DD,68,,symb_vac,0.723417421
WPH_06,OFRA,DD,DD,68,,symb_vac,0.744168397
WPH_06,OFRA,DD,DD,68,,symb_vac,0.66654553
WPH_06,OFRA,DD,DD,68,,symb_vac,0.613331345
WPH_06,OFRA,DD,DD,68,,symb_vac,0.727968096
WPH_06,OFRA,DD,DD,68,,symb_vac,0.633187558
WPH_06,OFRA,DD,DD,68,,symb_vac,0.776010999
WPH_06,OFRA,DD,DD,68,,symb_vac,0.743719654
WPH_06,OFRA,DD,DD,68,,symb_vac,0.652154022
WPH_06,OFRA,DD,DD,68,,symb_vac,0.711608868
WPH_06,OFRA,DD,DD,68,,symb_vac,0.696777294
WPH_06,OFRA,DD,DD,68,,symb_vac,0.773342059
WPH_06,OFRA,DD,DD,68,,symb_vac,0.732944955
WPH_06,OFRA,DD,DD,68,,symb_vac,0.792080253
WPH_06,OFRA,DD,DD,68,,symb_vac,0.721283139
WPH_06,OFRA,DD,DD,68,,min_symb,24.678
WPH_06,OFRA,DD,DD,68,,max_vac,71.055
WPH_06,OFRA,DD,DD,68,,avg_symb,34.0964
WPH_06,OFRA,DD,DD,68,,avg_vac,47.73006667
WPH_44,PAST,HH,HH,58,1,gastro,1
WPH_44,PAST,HH,HH,58,,prop_exo,0.375
WPH_44,PAST,HH,HH,58,,degr_symb,1
WPH_44,PAST,HH,HH,58,2,gastro,1
WPH_44,PAST,HH,HH,58,,prop_exo,0.307692308
WPH_44,PAST,HH,HH,58,,degr_symb,1
WPH_44,PAST,HH,HH,58,3,gastro,1
WPH_44,PAST,HH,HH,58,,prop_exo,0.375
WPH_44,PAST,HH,HH,58,,degr_symb,1
WPH_44,PAST,HH,HH,58,4,gastro,1
WPH_44,PAST,HH,HH,58,,prop_exo,0
WPH_44,PAST,HH,HH,58,,degr_symb,1
WPH_44,PAST,HH,HH,58,5,gastro,1
WPH_44,PAST,HH,HH,58,,prop_exo,0.222222222
WPH_44,PAST,HH,HH,58,,degr_symb,1
WPH_44,PAST,HH,HH,58,,symb_vac,0.781556236
WPH_44,PAST,HH,HH,58,,symb_vac,0.718372597
WPH_44,PAST,HH,HH,58,,symb_vac,0.844902178
WPH_44,PAST,HH,HH,58,,symb_vac,0.903794423
WPH_44,PAST,HH,HH,58,,symb_vac,0.753150283
WPH_44,PAST,HH,HH,58,,symb_vac,0.712180747
WPH_44,PAST,HH,HH,58,,symb_vac,0.736474119
WPH_44,PAST,HH,HH,58,,symb_vac,0.663835639
WPH_44,PAST,HH,HH,58,,symb_vac,0.660366567
WPH_44,PAST,HH,HH,58,,symb_vac,0.743869123
WPH_44,PAST,HH,HH,58,,symb_vac,0.72787011
WPH_44,PAST,HH,HH,58,,symb_vac,0.590681053
WPH_44,PAST,HH,HH,58,,symb_vac,0.671481348
WPH_44,PAST,HH,HH,58,,symb_vac,0.660529023
WPH_44,PAST,HH,HH,58,,symb_vac,0.697841568
WPH_44,PAST,HH,HH,58,,min_symb,31.749
WPH_44,PAST,HH,HH,58,,max_vac,80.807
WPH_44,PAST,HH,HH,58,,avg_symb,46.836
WPH_44,PAST,HH,HH,58,,avg_vac,65.08973333
WPH_20,OFRA,HH,HH,52,1,gastro,1
WPH_20,OFRA,HH,HH,52,,prop_exo,0.315789474
WPH_20,OFRA,HH,HH,52,,degr_symb,1
WPH_20,OFRA,HH,HH,52,2,gastro,0
WPH_20,OFRA,HH,HH,52,,prop_exo,0.454545455
WPH_20,OFRA,HH,HH,52,,degr_symb,1
WPH_20,OFRA,HH,HH,52,3,gastro,0
WPH_20,OFRA,HH,HH,52,,prop_exo,0.125
WPH_20,OFRA,HH,HH,52,,degr_symb,1
WPH_20,OFRA,HH,HH,52,4,gastro,1
WPH_20,OFRA,HH,HH,52,,prop_exo,0
WPH_20,OFRA,HH,HH,52,,degr_symb,1
WPH_20,OFRA,HH,HH,52,5,gastro,1
WPH_20,OFRA,HH,HH,52,,prop_exo,0.333333333
WPH_20,OFRA,HH,HH,52,,degr_symb,1
WPH_20,OFRA,HH,HH,52,,symb_vac,0.571587218
WPH_20,OFRA,HH,HH,52,,symb_vac,0.779465436
WPH_20,OFRA,HH,HH,52,,symb_vac,0.693765475
WPH_20,OFRA,HH,HH,52,,symb_vac,0.712347785
WPH_20,OFRA,HH,HH,52,,symb_vac,0.845026333
WPH_20,OFRA,HH,HH,52,,symb_vac,0.627799809
WPH_20,OFRA,HH,HH,52,,symb_vac,0.650325192
WPH_20,OFRA,HH,HH,52,,symb_vac,0.62256675
WPH_20,OFRA,HH,HH,52,,symb_vac,0.730438192
WPH_20,OFRA,HH,HH,52,,symb_vac,0.654007116
WPH_20,OFRA,HH,HH,52,,symb_vac,0.697816734
WPH_20,OFRA,HH,HH,52,,symb_vac,0.820382306
WPH_20,OFRA,HH,HH,52,,symb_vac,0.683196442
WPH_20,OFRA,HH,HH,52,,symb_vac,0.724460432
WPH_20,OFRA,HH,HH,52,,symb_vac,0.582068982
WPH_20,OFRA,HH,HH,52,,min_symb,27.279
WPH_20,OFRA,HH,HH,52,,max_vac,84.892
WPH_20,OFRA,HH,HH,52,,avg_symb,43.6654
WPH_20,OFRA,HH,HH,52,,avg_vac,63.1356
WPH_07,PAST,HD,HD,65,1,gastro,1
WPH_07,PAST,HD,HD,65,,prop_exo,0
WPH_07,PAST,HD,HD,65,,degr_symb,1
WPH_07,PAST,HD,HD,65,2,gastro,1
WPH_07,PAST,HD,HD,65,,prop_exo,0.25
WPH_07,PAST,HD,HD,65,,degr_symb,1
WPH_07,PAST,HD,HD,65,3,gastro,1
WPH_07,PAST,HD,HD,65,,prop_exo,0
WPH_07,PAST,HD,HD,65,,degr_symb,1
WPH_07,PAST,HD,HD,65,4,gastro,1
WPH_07,PAST,HD,HD,65,,prop_exo,0
WPH_07,PAST,HD,HD,65,,degr_symb,1
WPH_07,PAST,HD,HD,65,5,gastro,1
WPH_07,PAST,HD,HD,65,,prop_exo,0.222222222
WPH_07,PAST,HD,HD,65,,degr_symb,1
WPH_07,PAST,HD,HD,65,,symb_vac,0.71129716
WPH_07,PAST,HD,HD,65,,symb_vac,0.720174917
WPH_07,PAST,HD,HD,65,,symb_vac,0.803127177
WPH_07,PAST,HD,HD,65,,symb_vac,0.882265007
WPH_07,PAST,HD,HD,65,,symb_vac,0.747667897
WPH_07,PAST,HD,HD,65,,symb_vac,0.731070632
WPH_07,PAST,HD,HD,65,,symb_vac,0.712333186
WPH_07,PAST,HD,HD,65,,symb_vac,0.588817642
WPH_07,PAST,HD,HD,65,,symb_vac,0.784950979
WPH_07,PAST,HD,HD,65,,symb_vac,0.783443873
WPH_07,PAST,HD,HD,65,,symb_vac,0.554724781
WPH_07,PAST,HD,HD,65,,symb_vac,0.538745969
WPH_07,PAST,HD,HD,65,,symb_vac,0.687374129
WPH_07,PAST,HD,HD,65,,symb_vac,0.728775536
WPH_07,PAST,HD,HD,65,,symb_vac,0.85490067
WPH_07,PAST,HD,HD,65,,min_symb,37.591
WPH_07,PAST,HD,HD,65,,max_vac,124.993
WPH_07,PAST,HD,HD,65,,avg_symb,57.25073333
WPH_07,PAST,HD,HD,65,,avg_vac,79.14513333
WPH_72,OFRA,HH,HP,64,1,gastro,1
WPH_72,OFRA,HH,HP,64,,prop_exo,0.5
WPH_72,OFRA,HH,HP,64,,degr_symb,1
WPH_72,OFRA,HH,HP,64,2,gastro,1
WPH_72,OFRA,HH,HP,64,,prop_exo,0.125
WPH_72,OFRA,HH,HP,64,,degr_symb,1
WPH_72,OFRA,HH,HP,64,3,gastro,1
WPH_72,OFRA,HH,HP,64,,prop_exo,0.228571429
WPH_72,OFRA,HH,HP,64,,degr_symb,1
WPH_72,OFRA,HH,HP,64,4,gastro,1
WPH_72,OFRA,HH,HP,64,,prop_exo,0.058823529
WPH_72,OFRA,HH,HP,64,,degr_symb,1
WPH_72,OFRA,HH,HP,64,5,gastro,1
WPH_72,OFRA,HH,HP,64,,prop_exo,0
WPH_72,OFRA,HH,HP,64,,degr_symb,1
WPH_72,OFRA,HH,HP,64,,symb_vac,0.690608121
WPH_72,OFRA,HH,HP,64,,symb_vac,0.526505404
WPH_72,OFRA,HH,HP,64,,symb_vac,0.701446463
WPH_72,OFRA,HH,HP,64,,symb_vac,0.577301359
WPH_72,OFRA,HH,HP,64,,symb_vac,0.674617904
WPH_72,OFRA,HH,HP,64,,symb_vac,0.707422849
WPH_72,OFRA,HH,HP,64,,symb_vac,0.588023419
WPH_72,OFRA,HH,HP,64,,symb_vac,0.720284478
WPH_72,OFRA,HH,HP,64,,symb_vac,0.661729328
WPH_72,OFRA,HH,HP,64,,symb_vac,0.662162362
WPH_72,OFRA,HH,HP,64,,symb_vac,0.572562429
WPH_72,OFRA,HH,HP,64,,symb_vac,0.633290823
WPH_72,OFRA,HH,HP,64,,symb_vac,0.567460082
WPH_72,OFRA,HH,HP,64,,symb_vac,0.729174361
WPH_72,OFRA,HH,HP,64,,symb_vac,0.607404623
WPH_72,OFRA,HH,HP,64,,min_symb,26.12
WPH_72,OFRA,HH,HP,64,,max_vac,101.151
WPH_72,OFRA,HH,HP,64,,avg_symb,39.72673333
WPH_72,OFRA,HH,HP,64,,avg_vac,61.6768
WPH_30,OFRA,HD,HD,49,1,gastro,1
WPH_30,OFRA,HD,HD,49,,prop_exo,0.333333333
WPH_30,OFRA,HD,HD,49,,degr_symb,1
WPH_30,OFRA,HD,HD,49,2,gastro,1
WPH_30,OFRA,HD,HD,49,,prop_exo,0
WPH_30,OFRA,HD,HD,49,,degr_symb,1
WPH_30,OFRA,HD,HD,49,3,gastro,1
WPH_30,OFRA,HD,HD,49,,prop_exo,0
WPH_30,OFRA,HD,HD,49,,degr_symb,1
WPH_30,OFRA,HD,HD,49,4,gastro,1
WPH_30,OFRA,HD,HD,49,,prop_exo,0.181818182
WPH_30,OFRA,HD,HD,49,,degr_symb,1
WPH_30,OFRA,HD,HD,49,5,gastro,1
WPH_30,OFRA,HD,HD,49,,prop_exo,0.285714286
WPH_30,OFRA,HD,HD,49,,degr_symb,1
WPH_30,OFRA,HD,HD,49,,symb_vac,0.591142656
WPH_30,OFRA,HD,HD,49,,symb_vac,0.771775552
WPH_30,OFRA,HD,HD,49,,symb_vac,0.706464907
WPH_30,OFRA,HD,HD,49,,symb_vac,0.724050294
WPH_30,OFRA,HD,HD,49,,symb_vac,0.670043887
WPH_30,OFRA,HD,HD,49,,symb_vac,0.778353502
WPH_30,OFRA,HD,HD,49,,symb_vac,0.713789195
WPH_30,OFRA,HD,HD,49,,symb_vac,0.73943896
WPH_30,OFRA,HD,HD,49,,symb_vac,0.787932835
WPH_30,OFRA,HD,HD,49,,symb_vac,0.752090172
WPH_30,OFRA,HD,HD,49,,symb_vac,0.506859558
WPH_30,OFRA,HD,HD,49,,symb_vac,0.656706343
WPH_30,OFRA,HD,HD,49,,symb_vac,0.640842329
WPH_30,OFRA,HD,HD,49,,symb_vac,0.791592851
WPH_30,OFRA,HD,HD,49,,symb_vac,0.578323692
WPH_30,OFRA,HD,HD,49,,min_symb,22.97
WPH_30,OFRA,HD,HD,49,,max_vac,78.482
WPH_30,OFRA,HD,HD,49,,avg_symb,38.42133333
WPH_30,OFRA,HD,HD,49,,avg_vac,55.75913333
WPH_08,PAST,DD,DD,48,1,gastro,1
WPH_08,PAST,DD,DD,48,,prop_exo,0.076923077
WPH_08,PAST,DD,DD,48,,degr_symb,1
WPH_08,PAST,DD,DD,48,2,gastro,1
WPH_08,PAST,DD,DD,48,,prop_exo,0.4
WPH_08,PAST,DD,DD,48,,degr_symb,1
WPH_08,PAST,DD,DD,48,3,gastro,1
WPH_08,PAST,DD,DD,48,,prop_exo,0
WPH_08,PAST,DD,DD,48,,degr_symb,0
WPH_08,PAST,DD,DD,48,4,gastro,1
WPH_08,PAST,DD,DD,48,,prop_exo,0.5
WPH_08,PAST,DD,DD,48,,degr_symb,1
WPH_08,PAST,DD,DD,48,5,gastro,1
WPH_08,PAST,DD,DD,48,,prop_exo,0.285714286
WPH_08,PAST,DD,DD,48,,degr_symb,1
WPH_08,PAST,DD,DD,48,,symb_vac,0.394166509
WPH_08,PAST,DD,DD,48,,symb_vac,0.659870663
WPH_08,PAST,DD,DD,48,,symb_vac,0.396824135
WPH_08,PAST,DD,DD,48,,symb_vac,0.341158286
WPH_08,PAST,DD,DD,48,,symb_vac,0.569748998
WPH_08,PAST,DD,DD,48,,symb_vac,0.403813328
WPH_08,PAST,DD,DD,48,,symb_vac,0.505705876
WPH_08,PAST,DD,DD,48,,symb_vac,0.386763715
WPH_08,PAST,DD,DD,48,,symb_vac,0.485565466
WPH_08,PAST,DD,DD,48,,symb_vac,0.518449374
WPH_08,PAST,DD,DD,48,,symb_vac,0.44383944
WPH_08,PAST,DD,DD,48,,symb_vac,0.393293753
WPH_08,PAST,DD,DD,48,,symb_vac,0.529230868
WPH_08,PAST,DD,DD,48,,symb_vac,0.566760237
WPH_08,PAST,DD,DD,48,,symb_vac,0.492753258
WPH_08,PAST,DD,DD,48,,min_symb,24.965
WPH_08,PAST,DD,DD,48,,max_vac,130.394
WPH_08,PAST,DD,DD,48,,avg_symb,38.11446667
WPH_08,PAST,DD,DD,48,,avg_vac,81.8794
WPH_28,OFRA,DD,DD,50,1,gastro,1
WPH_28,OFRA,DD,DD,50,,prop_exo,0.090909091
WPH_28,OFRA,DD,DD,50,,degr_symb,1
WPH_28,OFRA,DD,DD,50,2,gastro,1
WPH_28,OFRA,DD,DD,50,,prop_exo,0
WPH_28,OFRA,DD,DD,50,,degr_symb,1
WPH_28,OFRA,DD,DD,50,3,gastro,1
WPH_28,OFRA,DD,DD,50,,prop_exo,0.3
WPH_28,OFRA,DD,DD,50,,degr_symb,1
WPH_28,OFRA,DD,DD,50,4,gastro,1
WPH_28,OFRA,DD,DD,50,,prop_exo,0.2
WPH_28,OFRA,DD,DD,50,,degr_symb,1
WPH_28,OFRA,DD,DD,50,5,gastro,1
WPH_28,OFRA,DD,DD,50,,prop_exo,0.375
WPH_28,OFRA,DD,DD,50,,degr_symb,1
WPH_28,OFRA,DD,DD,50,,symb_vac,0.569949558
WPH_28,OFRA,DD,DD,50,,symb_vac,0.406654962
WPH_28,OFRA,DD,DD,50,,symb_vac,0.451652232
WPH_28,OFRA,DD,DD,50,,symb_vac,0.502941567
WPH_28,OFRA,DD,DD,50,,symb_vac,0.445091592
WPH_28,OFRA,DD,DD,50,,symb_vac,0.411888287
WPH_28,OFRA,DD,DD,50,,symb_vac,0.473799438
WPH_28,OFRA,DD,DD,50,,symb_vac,0.420721564
WPH_28,OFRA,DD,DD,50,,symb_vac,0.395336659
WPH_28,OFRA,DD,DD,50,,symb_vac,0.521072437
WPH_28,OFRA,DD,DD,50,,symb_vac,0.47038137
WPH_28,OFRA,DD,DD,50,,symb_vac,0.389043625
WPH_28,OFRA,DD,DD,50,,symb_vac,0.49645461
WPH_28,OFRA,DD,DD,50,,symb_vac,0.382971125
WPH_28,OFRA,DD,DD,50,,symb_vac,0.546179326
WPH_28,OFRA,DD,DD,50,,min_symb,24.444
WPH_28,OFRA,DD,DD,50,,max_vac,106.561
WPH_28,OFRA,DD,DD,50,,avg_symb,35.11373333
WPH_28,OFRA,DD,DD,50,,avg_vac,76.19806667
WPH_34,OFRA,DD,DD,41,1,gastro,1
WPH_34,OFRA,DD,DD,41,,prop_exo,0
WPH_34,OFRA,DD,DD,41,,degr_symb,1
WPH_34,OFRA,DD,DD,41,2,gastro,1
WPH_34,OFRA,DD,DD,41,,prop_exo,0.285714286
WPH_34,OFRA,DD,DD,41,,degr_symb,1
WPH_34,OFRA,DD,DD,41,3,gastro,1
WPH_34,OFRA,DD,DD,41,,prop_exo,0.272727273
WPH_34,OFRA,DD,DD,41,,degr_symb,1
WPH_34,OFRA,DD,DD,41,4,gastro,1
WPH_34,OFRA,DD,DD,41,,prop_exo,0.230769231
WPH_34,OFRA,DD,DD,41,,degr_symb,1
WPH_34,OFRA,DD,DD,41,5,gastro,1
WPH_34,OFRA,DD,DD,41,,prop_exo,0
WPH_34,OFRA,DD,DD,41,,degr_symb,1
WPH_34,OFRA,DD,DD,41,,symb_vac,0.458501111
WPH_34,OFRA,DD,DD,41,,symb_vac,0.485817525
WPH_34,OFRA,DD,DD,41,,symb_vac,0.478700591
WPH_34,OFRA,DD,DD,41,,symb_vac,0.527652685
WPH_34,OFRA,DD,DD,41,,symb_vac,0.552348488
WPH_34,OFRA,DD,DD,41,,symb_vac,0.408924443
WPH_34,OFRA,DD,DD,41,,symb_vac,0.471958793
WPH_34,OFRA,DD,DD,41,,symb_vac,0.490158059
WPH_34,OFRA,DD,DD,41,,symb_vac,0.461291514
WPH_34,OFRA,DD,DD,41,,symb_vac,0.429392179
WPH_34,OFRA,DD,DD,41,,symb_vac,0.500841114
WPH_34,OFRA,DD,DD,41,,symb_vac,0.488414558
WPH_34,OFRA,DD,DD,41,,symb_vac,0.59480861
WPH_34,OFRA,DD,DD,41,,symb_vac,0.598276957
WPH_34,OFRA,DD,DD,41,,symb_vac,0.586023521
WPH_34,OFRA,DD,DD,41,,min_symb,19.987
WPH_34,OFRA,DD,DD,41,,max_vac,98.593
WPH_34,OFRA,DD,DD,41,,avg_symb,31.35006667
WPH_34,OFRA,DD,DD,41,,avg_vac,62.5226
WPH_62,OFRA,HH,HP,43,1,gastro,1
WPH_62,OFRA,HH,HP,43,,prop_exo,0.142857143
WPH_62,OFRA,HH,HP,43,,degr_symb,1
WPH_62,OFRA,HH,HP,43,2,gastro,1
WPH_62,OFRA,HH,HP,43,,prop_exo,0.153846154
WPH_62,OFRA,HH,HP,43,,degr_symb,1
WPH_62,OFRA,HH,HP,43,3,gastro,1
WPH_62,OFRA,HH,HP,43,,prop_exo,0.428571429
WPH_62,OFRA,HH,HP,43,,degr_symb,1
WPH_62,OFRA,HH,HP,43,4,gastro,1
WPH_62,OFRA,HH,HP,43,,prop_exo,0.263157895
WPH_62,OFRA,HH,HP,43,,degr_symb,1
WPH_62,OFRA,HH,HP,43,5,gastro,1
WPH_62,OFRA,HH,HP,43,,prop_exo,0.357142857
WPH_62,OFRA,HH,HP,43,,degr_symb,1
WPH_62,OFRA,HH,HP,43,,symb_vac,0.469312759
WPH_62,OFRA,HH,HP,43,,symb_vac,0.528546273
WPH_62,OFRA,HH,HP,43,,symb_vac,0.444230464
WPH_62,OFRA,HH,HP,43,,symb_vac,0.482972136
WPH_62,OFRA,HH,HP,43,,symb_vac,0.48472821
WPH_62,OFRA,HH,HP,43,,symb_vac,0.412237542
WPH_62,OFRA,HH,HP,43,,symb_vac,0.458624417
WPH_62,OFRA,HH,HP,43,,symb_vac,0.419006446
WPH_62,OFRA,HH,HP,43,,symb_vac,0.350173722
WPH_62,OFRA,HH,HP,43,,symb_vac,0.416274303
WPH_62,OFRA,HH,HP,43,,symb_vac,0.529305022
WPH_62,OFRA,HH,HP,43,,symb_vac,0.485843643
WPH_62,OFRA,HH,HP,43,,symb_vac,0.566421435
WPH_62,OFRA,HH,HP,43,,symb_vac,0.469914387
WPH_62,OFRA,HH,HP,43,,symb_vac,0.497871415
WPH_62,OFRA,HH,HP,43,,min_symb,9.877
WPH_62,OFRA,HH,HP,43,,max_vac,81.883
WPH_62,OFRA,HH,HP,43,,avg_symb,27.01573333
WPH_62,OFRA,HH,HP,43,,avg_vac,57.57066667
WPH_31,OFRA,HD,HD,31,1,gastro,1
WPH_31,OFRA,HD,HD,31,,prop_exo,0.166666667
WPH_31,OFRA,HD,HD,31,,degr_symb,1
WPH_31,OFRA,HD,HD,31,2,gastro,1
WPH_31,OFRA,HD,HD,31,,prop_exo,0.285714286
WPH_31,OFRA,HD,HD,31,,degr_symb,1
WPH_31,OFRA,HD,HD,31,3,gastro,1
WPH_31,OFRA,HD,HD,31,,prop_exo,0.25
WPH_31,OFRA,HD,HD,31,,degr_symb,1
WPH_31,OFRA,HD,HD,31,4,gastro,0
WPH_31,OFRA,HD,HD,31,,prop_exo,0.176470588
WPH_31,OFRA,HD,HD,31,,degr_symb,1
WPH_31,OFRA,HD,HD,31,5,gastro,1
WPH_31,OFRA,HD,HD,31,,prop_exo,0.125
WPH_31,OFRA,HD,HD,31,,degr_symb,1
WPH_31,OFRA,HD,HD,31,,symb_vac,0.477409529
WPH_31,OFRA,HD,HD,31,,symb_vac,0.475352508
WPH_31,OFRA,HD,HD,31,,symb_vac,0.409513801
WPH_31,OFRA,HD,HD,31,,symb_vac,0.693624178
WPH_31,OFRA,HD,HD,31,,symb_vac,0.434009783
WPH_31,OFRA,HD,HD,31,,symb_vac,0.573970813
WPH_31,OFRA,HD,HD,31,,symb_vac,0.399896088
WPH_31,OFRA,HD,HD,31,,symb_vac,0.311914594
WPH_31,OFRA,HD,HD,31,,symb_vac,0.569326781
WPH_31,OFRA,HD,HD,31,,symb_vac,0.503398584
WPH_31,OFRA,HD,HD,31,,symb_vac,0.435514951
WPH_31,OFRA,HD,HD,31,,symb_vac,0.551979706
WPH_31,OFRA,HD,HD,31,,symb_vac,0.533286363
WPH_31,OFRA,HD,HD,31,,symb_vac,0.516991307
WPH_31,OFRA,HD,HD,31,,symb_vac,0.548869752
WPH_31,OFRA,HD,HD,31,,min_symb,12.388
WPH_31,OFRA,HD,HD,31,,max_vac,78.913
WPH_31,OFRA,HD,HD,31,,avg_symb,30.03226667
WPH_31,OFRA,HD,HD,31,,avg_vac,60.31326667
WPH_65,OFRA,HH,HP,61,1,gastro,1
WPH_65,OFRA,HH,HP,61,,prop_exo,0.454545455
WPH_65,OFRA,HH,HP,61,,degr_symb,1
WPH_65,OFRA,HH,HP,61,2,gastro,1
WPH_65,OFRA,HH,HP,61,,prop_exo,0.111111111
WPH_65,OFRA,HH,HP,61,,degr_symb,1
WPH_65,OFRA,HH,HP,61,3,gastro,1
WPH_65,OFRA,HH,HP,61,,prop_exo,0.060606061
WPH_65,OFRA,HH,HP,61,,degr_symb,1
WPH_65,OFRA,HH,HP,61,4,gastro,1
WPH_65,OFRA,HH,HP,61,,prop_exo,0.074074074
WPH_65,OFRA,HH,HP,61,,degr_symb,1
WPH_65,OFRA,HH,HP,61,5,gastro,1
WPH_65,OFRA,HH,HP,61,,prop_exo,0.4
WPH_65,OFRA,HH,HP,61,,degr_symb,1
WPH_65,OFRA,HH,HP,61,,symb_vac,0.565282563
WPH_65,OFRA,HH,HP,61,,symb_vac,0.443109803
WPH_65,OFRA,HH,HP,61,,symb_vac,0.423363545
WPH_65,OFRA,HH,HP,61,,symb_vac,0.579582655
WPH_65,OFRA,HH,HP,61,,symb_vac,0.583674319
WPH_65,OFRA,HH,HP,61,,symb_vac,0.465661115
WPH_65,OFRA,HH,HP,61,,symb_vac,0.307945822
WPH_65,OFRA,HH,HP,61,,symb_vac,0.467232414
WPH_65,OFRA,HH,HP,61,,symb_vac,0.414329067
WPH_65,OFRA,HH,HP,61,,symb_vac,0.437197706
WPH_65,OFRA,HH,HP,61,,symb_vac,0.420083724
WPH_65,OFRA,HH,HP,61,,symb_vac,0.384979468
WPH_65,OFRA,HH,HP,61,,symb_vac,0.450413288
WPH_65,OFRA,HH,HP,61,,symb_vac,0.588101195
WPH_65,OFRA,HH,HP,61,,symb_vac,0.523080725
WPH_65,OFRA,HH,HP,61,,min_symb,15.324
WPH_65,OFRA,HH,HP,61,,max_vac,81.626
WPH_65,OFRA,HH,HP,61,,avg_symb,24.9874
WPH_65,OFRA,HH,HP,61,,avg_vac,52.20566667
WPH_68,PAST,DD,DD,56,1,gastro,1
WPH_68,PAST,DD,DD,56,,prop_exo,0.444444444
WPH_68,PAST,DD,DD,56,,degr_symb,1
WPH_68,PAST,DD,DD,56,2,gastro,1
WPH_68,PAST,DD,DD,56,,prop_exo,0.333333333
WPH_68,PAST,DD,DD,56,,degr_symb,1
WPH_68,PAST,DD,DD,56,3,gastro,1
WPH_68,PAST,DD,DD,56,,prop_exo,0.285714286
WPH_68,PAST,DD,DD,56,,degr_symb,1
WPH_68,PAST,DD,DD,56,4,gastro,1
WPH_68,PAST,DD,DD,56,,prop_exo,0.3125
WPH_68,PAST,DD,DD,56,,degr_symb,1
WPH_68,PAST,DD,DD,56,5,gastro,1
WPH_68,PAST,DD,DD,56,,prop_exo,0.363636364
WPH_68,PAST,DD,DD,56,,degr_symb,1
WPH_68,PAST,DD,DD,56,,symb_vac,0.41660049
WPH_68,PAST,DD,DD,56,,symb_vac,0.430086347
WPH_68,PAST,DD,DD,56,,symb_vac,0.442938394
WPH_68,PAST,DD,DD,56,,symb_vac,0.53046013
WPH_68,PAST,DD,DD,56,,symb_vac,0.376383338
WPH_68,PAST,DD,DD,56,,symb_vac,0.523127876
WPH_68,PAST,DD,DD,56,,symb_vac,0.424816463
WPH_68,PAST,DD,DD,56,,symb_vac,0.560151007
WPH_68,PAST,DD,DD,56,,symb_vac,0.500975293
WPH_68,PAST,DD,DD,56,,symb_vac,0.41709034
WPH_68,PAST,DD,DD,56,,symb_vac,0.498363469
WPH_68,PAST,DD,DD,56,,symb_vac,0.510170149
WPH_68,PAST,DD,DD,56,,symb_vac,0.409555371
WPH_68,PAST,DD,DD,56,,symb_vac,0.440979901
WPH_68,PAST,DD,DD,56,,symb_vac,0.34469293
WPH_68,PAST,DD,DD,56,,min_symb,19.59
WPH_68,PAST,DD,DD,56,,max_vac,105.009
WPH_68,PAST,DD,DD,56,,avg_symb,32.68706667
WPH_68,PAST,DD,DD,56,,avg_vac,71.94326667
WPH_23,OFRA,HD,HD,50,1,gastro,1
WPH_23,OFRA,HD,HD,50,,prop_exo,0.307692308
WPH_23,OFRA,HD,HD,50,,degr_symb,1
WPH_23,OFRA,HD,HD,50,2,gastro,1
WPH_23,OFRA,HD,HD,50,,prop_exo,0.1875
WPH_23,OFRA,HD,HD,50,,degr_symb,1
WPH_23,OFRA,HD,HD,50,3,gastro,1
WPH_23,OFRA,HD,HD,50,,prop_exo,0.230769231
WPH_23,OFRA,HD,HD,50,,degr_symb,1
WPH_23,OFRA,HD,HD,50,4,gastro,1
WPH_23,OFRA,HD,HD,50,,prop_exo,0.5
WPH_23,OFRA,HD,HD,50,,degr_symb,1
WPH_23,OFRA,HD,HD,50,5,gastro,1
WPH_23,OFRA,HD,HD,50,,prop_exo,0.333333333
WPH_23,OFRA,HD,HD,50,,degr_symb,1
WPH_23,OFRA,HD,HD,50,,symb_vac,0.546548187
WPH_23,OFRA,HD,HD,50,,symb_vac,0.660088514
WPH_23,OFRA,HD,HD,50,,symb_vac,0.542622109
WPH_23,OFRA,HD,HD,50,,symb_vac,0.578188784
WPH_23,OFRA,HD,HD,50,,symb_vac,0.471711636
WPH_23,OFRA,HD,HD,50,,symb_vac,0.499594241
WPH_23,OFRA,HD,HD,50,,symb_vac,0.630042802
WPH_23,OFRA,HD,HD,50,,symb_vac,0.580119845
WPH_23,OFRA,HD,HD,50,,symb_vac,0.592574565
WPH_23,OFRA,HD,HD,50,,symb_vac,0.416681843
WPH_23,OFRA,HD,HD,50,,symb_vac,0.483101724
WPH_23,OFRA,HD,HD,50,,symb_vac,0.405482184
WPH_23,OFRA,HD,HD,50,,symb_vac,0.538971332
WPH_23,OFRA,HD,HD,50,,symb_vac,0.397701891
WPH_23,OFRA,HD,HD,50,,symb_vac,0.602087198
WPH_23,OFRA,HD,HD,50,,min_symb,17.271
WPH_23,OFRA,HD,HD,50,,max_vac,92.181
WPH_23,OFRA,HD,HD,50,,avg_symb,33.93586667
WPH_23,OFRA,HD,HD,50,,avg_vac,63.024
WPH_24,OFRA,DD,DD,46,1,gastro,1
WPH_24,OFRA,DD,DD,46,,prop_exo,0.272727273
WPH_24,OFRA,DD,DD,46,,degr_symb,1
WPH_24,OFRA,DD,DD,46,2,gastro,1
WPH_24,OFRA,DD,DD,46,,prop_exo,0.1875
WPH_24,OFRA,DD,DD,46,,degr_symb,1
WPH_24,OFRA,DD,DD,46,3,gastro,1
WPH_24,OFRA,DD,DD,46,,prop_exo,0
WPH_24,OFRA,DD,DD,46,,degr_symb,1
WPH_24,OFRA,DD,DD,46,4,gastro,1
WPH_24,OFRA,DD,DD,46,,prop_exo,0.290322581
WPH_24,OFRA,DD,DD,46,,degr_symb,1
WPH_24,OFRA,DD,DD,46,5,gastro,1
WPH_24,OFRA,DD,DD,46,,prop_exo,0.25
WPH_24,OFRA,DD,DD,46,,degr_symb,1
WPH_24,OFRA,DD,DD,46,,symb_vac,0.461162651
WPH_24,OFRA,DD,DD,46,,symb_vac,0.561994369
WPH_24,OFRA,DD,DD,46,,symb_vac,0.530532666
WPH_24,OFRA,DD,DD,46,,symb_vac,0.542362427
WPH_24,OFRA,DD,DD,46,,symb_vac,0.469562723
WPH_24,OFRA,DD,DD,46,,symb_vac,0.469052697
WPH_24,OFRA,DD,DD,46,,symb_vac,0.442363025
WPH_24,OFRA,DD,DD,46,,symb_vac,0.54913915
WPH_24,OFRA,DD,DD,46,,symb_vac,0.356468567
WPH_24,OFRA,DD,DD,46,,symb_vac,0.539828094
WPH_24,OFRA,DD,DD,46,,symb_vac,0.457368698
WPH_24,OFRA,DD,DD,46,,symb_vac,0.548797966
WPH_24,OFRA,DD,DD,46,,symb_vac,0.438281749
WPH_24,OFRA,DD,DD,46,,symb_vac,0.471242591
WPH_24,OFRA,DD,DD,46,,symb_vac,0.523918764
WPH_24,OFRA,DD,DD,46,,min_symb,21.633
WPH_24,OFRA,DD,DD,46,,max_vac,99.398
WPH_24,OFRA,DD,DD,46,,avg_symb,33.37073333
WPH_24,OFRA,DD,DD,46,,avg_vac,68.7232
WPH_45,PAST,HH,HH,63,1,gastro,1
WPH_45,PAST,HH,HH,63,,prop_exo,0.3
WPH_45,PAST,HH,HH,63,,degr_symb,1
WPH_45,PAST,HH,HH,63,2,gastro,1
WPH_45,PAST,HH,HH,63,,prop_exo,0.363636364
WPH_45,PAST,HH,HH,63,,degr_symb,1
WPH_45,PAST,HH,HH,63,3,gastro,1
WPH_45,PAST,HH,HH,63,,prop_exo,0.2
WPH_45,PAST,HH,HH,63,,degr_symb,1
WPH_45,PAST,HH,HH,63,4,gastro,1
WPH_45,PAST,HH,HH,63,,prop_exo,0.111111111
WPH_45,PAST,HH,HH,63,,degr_symb,1
WPH_45,PAST,HH,HH,63,5,gastro,1
WPH_45,PAST,HH,HH,63,,prop_exo,0.142857143
WPH_45,PAST,HH,HH,63,,degr_symb,1
WPH_45,PAST,HH,HH,63,,symb_vac,0.569326252
WPH_45,PAST,HH,HH,63,,symb_vac,0.561367626
WPH_45,PAST,HH,HH,63,,symb_vac,0.510746973
WPH_45,PAST,HH,HH,63,,symb_vac,0.514360605
WPH_45,PAST,HH,HH,63,,symb_vac,0.619833755
WPH_45,PAST,HH,HH,63,,symb_vac,0.532841161
WPH_45,PAST,HH,HH,63,,symb_vac,0.530323292
WPH_45,PAST,HH,HH,63,,symb_vac,0.482280455
WPH_45,PAST,HH,HH,63,,symb_vac,0.463883875
WPH_45,PAST,HH,HH,63,,symb_vac,0.345239525
WPH_45,PAST,HH,HH,63,,symb_vac,0.519882376
WPH_45,PAST,HH,HH,63,,symb_vac,0.455226543
WPH_45,PAST,HH,HH,63,,symb_vac,0.639667705
WPH_45,PAST,HH,HH,63,,symb_vac,0.564969053
WPH_45,PAST,HH,HH,63,,symb_vac,0.502177332
WPH_45,PAST,HH,HH,63,,min_symb,20.416
WPH_45,PAST,HH,HH,63,,max_vac,104.164
WPH_45,PAST,HH,HH,63,,avg_symb,38.20566667
WPH_45,PAST,HH,HH,63,,avg_vac,73.3374
WPH_09,PAST,HD,DD,44,1,gastro,1
WPH_09,PAST,HD,DD,44,,prop_exo,0.5
WPH_09,PAST,HD,DD,44,,degr_symb,1
WPH_09,PAST,HD,DD,44,2,gastro,1
WPH_09,PAST,HD,DD,44,,prop_exo,0.285714286
WPH_09,PAST,HD,DD,44,,degr_symb,1
WPH_09,PAST,HD,DD,44,3,gastro,1
WPH_09,PAST,HD,DD,44,,prop_exo,0
WPH_09,PAST,HD,DD,44,,degr_symb,1
WPH_09,PAST,HD,DD,44,4,gastro,1
WPH_09,PAST,HD,DD,44,,prop_exo,0.2
WPH_09,PAST,HD,DD,44,,degr_symb,1
WPH_09,PAST,HD,DD,44,5,gastro,1
WPH_09,PAST,HD,DD,44,,prop_exo,0.210526316
WPH_09,PAST,HD,DD,44,,degr_symb,1
WPH_09,PAST,HD,DD,44,,symb_vac,0.598484585
WPH_09,PAST,HD,DD,44,,symb_vac,0.322892109
WPH_09,PAST,HD,DD,44,,symb_vac,0.458919639
WPH_09,PAST,HD,DD,44,,symb_vac,0.523135907
WPH_09,PAST,HD,DD,44,,symb_vac,0.416221104
WPH_09,PAST,HD,DD,44,,symb_vac,0.493658042
WPH_09,PAST,HD,DD,44,,symb_vac,0.428483965
WPH_09,PAST,HD,DD,44,,symb_vac,0.367679233
WPH_09,PAST,HD,DD,44,,symb_vac,0.538492411
WPH_09,PAST,HD,DD,44,,symb_vac,0.552095564
WPH_09,PAST,HD,DD,44,,symb_vac,0.427465927
WPH_09,PAST,HD,DD,44,,symb_vac,0.623057146
WPH_09,PAST,HD,DD,44,,symb_vac,0.447034939
WPH_09,PAST,HD,DD,44,,symb_vac,0.393386545
WPH_09,PAST,HD,DD,44,,symb_vac,0.370653338
WPH_09,PAST,HD,DD,44,,min_symb,8.739
WPH_09,PAST,HD,DD,44,,max_vac,78.356
WPH_09,PAST,HD,DD,44,,avg_symb,27.0952
WPH_09,PAST,HD,DD,44,,avg_vac,58.24853333
WPH_49,PAST,HH,HH,45,1,gastro,1
WPH_49,PAST,HH,HH,45,,prop_exo,0.2
WPH_49,PAST,HH,HH,45,,degr_symb,1
WPH_49,PAST,HH,HH,45,2,gastro,1
WPH_49,PAST,HH,HH,45,,prop_exo,0
WPH_49,PAST,HH,HH,45,,degr_symb,1
WPH_49,PAST,HH,HH,45,3,gastro,1
WPH_49,PAST,HH,HH,45,,prop_exo,0.285714286
WPH_49,PAST,HH,HH,45,,degr_symb,1
WPH_49,PAST,HH,HH,45,4,gastro,1
WPH_49,PAST,HH,HH,45,,prop_exo,0.272727273
WPH_49,PAST,HH,HH,45,,degr_symb,1
WPH_49,PAST,HH,HH,45,5,gastro,1
WPH_49,PAST,HH,HH,45,,prop_exo,0.222222222
WPH_49,PAST,HH,HH,45,,degr_symb,1
WPH_49,PAST,HH,HH,45,,symb_vac,0.459844004
WPH_49,PAST,HH,HH,45,,symb_vac,0.605495684
WPH_49,PAST,HH,HH,45,,symb_vac,0.507497116
WPH_49,PAST,HH,HH,45,,symb_vac,0.540018942
WPH_49,PAST,HH,HH,45,,symb_vac,0.521220921
WPH_49,PAST,HH,HH,45,,symb_vac,0.545998304
WPH_49,PAST,HH,HH,45,,symb_vac,0.401275917
WPH_49,PAST,HH,HH,45,,symb_vac,0.476043305
WPH_49,PAST,HH,HH,45,,symb_vac,0.412786636
WPH_49,PAST,HH,HH,45,,symb_vac,0.475403258
WPH_49,PAST,HH,HH,45,,symb_vac,0.508176533
WPH_49,PAST,HH,HH,45,,symb_vac,0.456376481
WPH_49,PAST,HH,HH,45,,symb_vac,0.59206629
WPH_49,PAST,HH,HH,45,,symb_vac,0.570122153
WPH_49,PAST,HH,HH,45,,symb_vac,0.634060964
WPH_49,PAST,HH,HH,45,,min_symb,21.386
WPH_49,PAST,HH,HH,45,,max_vac,105.003
WPH_49,PAST,HH,HH,45,,avg_symb,34.17793333
WPH_49,PAST,HH,HH,45,,avg_vac,67.59353333
WPH_71,OFRA,HH,HH,66,1,gastro,1
WPH_71,OFRA,HH,HH,66,,prop_exo,0.235294118
WPH_71,OFRA,HH,HH,66,,degr_symb,1
WPH_71,OFRA,HH,HH,66,2,gastro,1
WPH_71,OFRA,HH,HH,66,,prop_exo,0.125
WPH_71,OFRA,HH,HH,66,,degr_symb,1
WPH_71,OFRA,HH,HH,66,3,gastro,1
WPH_71,OFRA,HH,HH,66,,prop_exo,0.111111111
WPH_71,OFRA,HH,HH,66,,degr_symb,1
WPH_71,OFRA,HH,HH,66,4,gastro,1
WPH_71,OFRA,HH,HH,66,,prop_exo,0.222222222
WPH_71,OFRA,HH,HH,66,,degr_symb,1
WPH_71,OFRA,HH,HH,66,5,gastro,1
WPH_71,OFRA,HH,HH,66,,prop_exo,0.157894737
WPH_71,OFRA,HH,HH,66,,degr_symb,1
WPH_71,OFRA,HH,HH,66,,symb_vac,0.292276769
WPH_71,OFRA,HH,HH,66,,symb_vac,0.699543189
WPH_71,OFRA,HH,HH,66,,symb_vac,0.481415752
WPH_71,OFRA,HH,HH,66,,symb_vac,0.447387508
WPH_71,OFRA,HH,HH,66,,symb_vac,0.400743606
WPH_71,OFRA,HH,HH,66,,symb_vac,0.417972408
WPH_71,OFRA,HH,HH,66,,symb_vac,0.680015435
WPH_71,OFRA,HH,HH,66,,symb_vac,0.370319462
WPH_71,OFRA,HH,HH,66,,symb_vac,0.434473095
WPH_71,OFRA,HH,HH,66,,symb_vac,0.516296967
WPH_71,OFRA,HH,HH,66,,symb_vac,0.399849424
WPH_71,OFRA,HH,HH,66,,symb_vac,0.525863163
WPH_71,OFRA,HH,HH,66,,symb_vac,0.541255376
WPH_71,OFRA,HH,HH,66,,symb_vac,0.40190228
WPH_71,OFRA,HH,HH,66,,symb_vac,0.458533305
WPH_71,OFRA,HH,HH,66,,min_symb,15.952
WPH_71,OFRA,HH,HH,66,,max_vac,82.09
WPH_71,OFRA,HH,HH,66,,avg_symb,26.222
WPH_71,OFRA,HH,HH,66,,avg_vac,56.4254